Order_ID,Order_Date,Customer_ID,Product,Region,Quantity,Unit_Price,Discount,Payment_Method,Category,Revenue,Month
10001,2025-12-30,1103,Smartwatch,West,1,10000,0.15,UPI,Wearables,8500.0,2025-12
10002,2025-04-05,1180,Laptop,East,5,25000,0.0,UPI,Electronics,125000.0,2025-04
10003,2025-01-11,1093,Keyboard,East,2,10000,0.0,Debit Card,Accessories,20000.0,2025-01
10004,2025-03-09,1015,Headphones,South,3,1500,0.2,Credit Card,Accessories,3600.0,2025-03
10005,2025-07-29,1107,Smartphone,West,1,50000,0.0,UPI,Electronics,50000.0,2025-07
10006,2025-07-15,1072,Laptop,East,1,1500,0.15,Net Banking,Electronics,1275.0,2025-07
10007,2025-04-08,1189,Monitor,North,1,1500,0.2,UPI,Electronics,1200.0,2025-04
10008,2025-04-03,1021,Mouse,East,3,1000,0.1,UPI,Accessories,2700.0,2025-04
10009,2025-01-22,1103,Keyboard,North,3,1000,0.0,Debit Card,Accessories,3000.0,2025-01
10010,2025-06-21,1122,Smartphone,South,4,10000,0.05,Net Banking,Electronics,38000.0,2025-06
10011,2025-05-14,1075,Smartwatch,North,2,1500,0.0,UPI,Wearables,3000.0,2025-05
10012,2025-01-25,1088,Smartphone,East,4,1000,0.1,UPI,Electronics,3600.0,2025-01
10013,2025-07-04,1117,Headphones,East,2,500,0.2,Net Banking,Accessories,800.0,2025-07
10014,2025-03-26,1100,Smartwatch,East,3,10000,0.1,Credit Card,Wearables,27000.0,2025-03
10015,2025-02-24,1104,Headphones,South,3,25000,0.05,Credit Card,Accessories,71250.0,2025-02
10016,2025-09-08,1152,Monitor,South,4,50000,0.15,UPI,Electronics,170000.0,2025-09
10017,2025-05-24,1131,Mouse,West,5,5000,0.0,UPI,Accessories,25000.0,2025-05
10018,2025-12-17,1150,Monitor,East,4,10000,0.2,Credit Card,Electronics,32000.0,2025-12
10019,2025-06-16,1053,Laptop,North,2,5000,0.15,Debit Card,Electronics,8500.0,2025-06
10020,2025-08-12,1002,Laptop,South,4,1500,0.1,Net Banking,Electronics,5400.0,2025-08
10021,2025-08-08,1088,Monitor,East,1,50000,0.2,Net Banking,Electronics,40000.0,2025-08
10022,2025-06-28,1158,Mouse,East,2,5000,0.15,Debit Card,Accessories,8500.0,2025-06
10023,2025-04-29,1038,Monitor,South,2,1500,0.2,Debit Card,Electronics,2400.0,2025-04
10024,2025-09-22,1130,Mouse,West,5,500,0.05,Debit Card,Accessories,2375.0,2025-09
10025,2025-05-30,1192,Mouse,South,3,5000,0.05,Debit Card,Accessories,14250.0,2025-05
10026,2025-08-03,1188,Tablet,South,2,50000,0.0,Debit Card,Electronics,100000.0,2025-08
10027,2025-07-16,1021,Smartwatch,North,3,10000,0.0,Debit Card,Wearables,30000.0,2025-07
10028,2025-02-11,1161,Keyboard,North,4,1500,0.05,Net Banking,Accessories,5700.0,2025-02
10029,2025-02-22,1058,Mouse,West,1,10000,0.2,Debit Card,Accessories,8000.0,2025-02
10030,2025-11-26,1022,Headphones,East,5,50000,0.05,Credit Card,Accessories,237500.0,2025-11
10031,2025-09-08,1089,Mouse,South,3,1000,0.0,Debit Card,Accessories,3000.0,2025-09
10032,2025-10-22,1049,Mouse,West,2,1500,0.05,Debit Card,Accessories,2850.0,2025-10
10033,2025-09-28,1059,Mouse,North,3,5000,0.05,Net Banking,Accessories,14250.0,2025-09
10034,2025-05-03,1170,Tablet,South,2,1500,0.2,Net Banking,Electronics,2400.0,2025-05
10035,2025-12-05,1188,Smartwatch,East,3,10000,0.15,Debit Card,Wearables,25500.0,2025-12
10036,2025-09-23,1015,Tablet,North,2,500,0.0,Net Banking,Electronics,1000.0,2025-09
10037,2025-12-14,1190,Laptop,North,4,1500,0.2,UPI,Electronics,4800.0,2025-12
10038,2025-01-29,1190,Tablet,North,2,5000,0.05,Net Banking,Electronics,9500.0,2025-01
10039,2025-02-04,1175,Headphones,West,2,1000,0.05,Net Banking,Accessories,1900.0,2025-02
10040,2025-01-06,1190,Headphones,East,1,25000,0.15,Net Banking,Accessories,21250.0,2025-01
10041,2025-04-21,1051,Tablet,South,2,500,0.0,Net Banking,Electronics,1000.0,2025-04
10042,2025-10-21,1108,Smartwatch,West,1,1000,0.0,Credit Card,Wearables,1000.0,2025-10
10043,2025-03-18,1055,Monitor,West,5,1500,0.1,Credit Card,Electronics,6750.0,2025-03
10044,2025-12-15,1064,Keyboard,West,1,10000,0.0,Credit Card,Accessories,10000.0,2025-12
10045,2025-05-27,1131,Smartwatch,North,4,50000,0.15,Debit Card,Wearables,170000.0,2025-05
10046,2025-03-08,1051,Tablet,East,1,10000,0.1,Debit Card,Electronics,9000.0,2025-03
10047,2025-01-08,1135,Mouse,West,5,5000,0.1,UPI,Accessories,22500.0,2025-01
10048,2025-05-02,1021,Smartphone,South,4,10000,0.05,Credit Card,Electronics,38000.0,2025-05
10049,2025-12-06,1073,Keyboard,East,3,500,0.05,Debit Card,Accessories,1425.0,2025-12
10050,2025-06-24,1167,Keyboard,South,3,10000,0.0,Net Banking,Accessories,30000.0,2025-06
10051,2025-06-28,1018,Headphones,East,1,5000,0.1,Net Banking,Accessories,4500.0,2025-06
10052,2025-03-26,1132,Keyboard,South,1,25000,0.05,Credit Card,Accessories,23750.0,2025-03
10053,2025-02-14,1089,Tablet,North,5,1500,0.15,UPI,Electronics,6375.0,2025-02
10054,2025-05-16,1060,Mouse,West,5,50000,0.05,UPI,Accessories,237500.0,2025-05
10055,2025-12-09,1014,Mouse,South,2,1500,0.05,Net Banking,Accessories,2850.0,2025-12
10056,2025-01-16,1009,Laptop,East,5,10000,0.1,UPI,Electronics,45000.0,2025-01
10057,2025-11-29,1090,Mouse,West,2,1000,0.1,Credit Card,Accessories,1800.0,2025-11
10058,2025-07-14,1053,Smartwatch,West,4,1500,0.2,Net Banking,Wearables,4800.0,2025-07
10059,2025-01-09,1130,Mouse,East,1,25000,0.15,Debit Card,Accessories,21250.0,2025-01
10060,2025-11-12,1084,Headphones,South,4,10000,0.1,Debit Card,Accessories,36000.0,2025-11
10061,2025-11-30,1092,Mouse,North,5,50000,0.0,UPI,Accessories,250000.0,2025-11
10062,2025-11-29,1111,Laptop,North,4,5000,0.15,Net Banking,Electronics,17000.0,2025-11
10063,2025-11-23,1188,Smartphone,South,4,25000,0.15,Net Banking,Electronics,85000.0,2025-11
10064,2025-01-15,1199,Tablet,West,4,10000,0.1,Debit Card,Electronics,36000.0,2025-01
10065,2025-11-23,1172,Headphones,West,5,25000,0.15,Net Banking,Accessories,106250.0,2025-11
10066,2025-04-12,1008,Smartwatch,West,4,1500,0.1,Net Banking,Wearables,5400.0,2025-04
10067,2025-08-14,1175,Smartphone,West,2,50000,0.05,Net Banking,Electronics,95000.0,2025-08
10068,2025-10-05,1035,Headphones,South,5,5000,0.2,UPI,Accessories,20000.0,2025-10
10069,2025-04-23,1081,Monitor,West,4,10000,0.05,Net Banking,Electronics,38000.0,2025-04
10070,2025-01-01,1164,Keyboard,East,5,500,0.1,Credit Card,Accessories,2250.0,2025-01
10071,2025-09-23,1050,Monitor,West,3,5000,0.1,UPI,Electronics,13500.0,2025-09
10072,2025-07-27,1104,Mouse,North,2,500,0.05,Net Banking,Accessories,950.0,2025-07
10073,2025-04-20,1132,Smartphone,West,4,25000,0.0,Net Banking,Electronics,100000.0,2025-04
10074,2025-07-19,1002,Mouse,South,3,1000,0.0,Credit Card,Accessories,3000.0,2025-07
10075,2025-11-02,1134,Keyboard,North,3,5000,0.0,UPI,Accessories,15000.0,2025-11
10076,2025-01-12,1054,Headphones,South,5,25000,0.1,Debit Card,Accessories,112500.0,2025-01
10077,2025-12-11,1106,Keyboard,South,3,500,0.15,Debit Card,Accessories,1275.0,2025-12
10078,2025-07-07,1004,Laptop,North,2,1500,0.1,UPI,Electronics,2700.0,2025-07
10079,2025-06-03,1054,Keyboard,South,2,1500,0.15,Net Banking,Accessories,2550.0,2025-06
10080,2025-11-30,1191,Laptop,South,1,1000,0.05,Net Banking,Electronics,950.0,2025-11
10081,2025-10-06,1146,Keyboard,West,2,5000,0.2,Debit Card,Accessories,8000.0,2025-10
10082,2025-06-20,1044,Tablet,East,3,5000,0.15,Debit Card,Electronics,12750.0,2025-06
10083,2025-05-14,1162,Laptop,South,2,5000,0.0,Debit Card,Electronics,10000.0,2025-05
10084,2025-01-25,1190,Smartphone,South,5,25000,0.1,Credit Card,Electronics,112500.0,2025-01
10085,2025-01-18,1014,Mouse,South,1,50000,0.05,Debit Card,Accessories,47500.0,2025-01
10086,2025-07-09,1095,Smartwatch,West,3,50000,0.0,Credit Card,Wearables,150000.0,2025-07
10087,2025-05-21,1048,Mouse,East,1,1000,0.05,UPI,Accessories,950.0,2025-05
10088,2025-02-12,1015,Monitor,North,3,5000,0.2,Net Banking,Electronics,12000.0,2025-02
10089,2025-11-30,1200,Mouse,West,5,25000,0.1,Debit Card,Accessories,112500.0,2025-11
10090,2025-10-11,1190,Headphones,West,1,1500,0.1,Net Banking,Accessories,1350.0,2025-10
10091,2025-05-26,1040,Tablet,East,4,500,0.2,Net Banking,Electronics,1600.0,2025-05
10092,2025-11-11,1082,Keyboard,East,3,25000,0.1,Debit Card,Accessories,67500.0,2025-11
10093,2025-11-15,1111,Monitor,West,4,50000,0.15,Debit Card,Electronics,170000.0,2025-11
10094,2025-04-02,1053,Headphones,North,1,50000,0.05,UPI,Accessories,47500.0,2025-04
10095,2025-06-28,1024,Headphones,West,4,1500,0.0,Credit Card,Accessories,6000.0,2025-06
10096,2025-02-25,1154,Laptop,East,4,1500,0.2,Credit Card,Electronics,4800.0,2025-02
10097,2025-06-04,1188,Mouse,North,1,500,0.15,Net Banking,Accessories,425.0,2025-06
10098,2025-06-09,1124,Smartphone,East,5,1500,0.0,Debit Card,Electronics,7500.0,2025-06
10099,2025-04-21,1041,Smartwatch,North,4,1000,0.0,UPI,Wearables,4000.0,2025-04
10100,2025-05-17,1157,Smartphone,South,4,500,0.2,UPI,Electronics,1600.0,2025-05
10101,2025-08-20,1015,Monitor,East,5,1500,0.15,UPI,Electronics,6375.0,2025-08
10102,2025-08-08,1045,Tablet,East,4,10000,0.0,UPI,Electronics,40000.0,2025-08
10103,2025-03-09,1065,Smartphone,West,4,25000,0.0,UPI,Electronics,100000.0,2025-03
10104,2025-10-29,1089,Keyboard,East,4,1500,0.15,Credit Card,Accessories,5100.0,2025-10
10105,2025-09-06,1071,Smartphone,East,2,1000,0.1,Credit Card,Electronics,1800.0,2025-09
10106,2025-11-19,1009,Monitor,South,5,5000,0.0,Credit Card,Electronics,25000.0,2025-11
10107,2025-01-06,1088,Smartwatch,East,4,1500,0.05,Debit Card,Wearables,5700.0,2025-01
10108,2025-10-07,1129,Smartphone,South,5,50000,0.15,Net Banking,Electronics,212500.0,2025-10
10109,2025-04-04,1136,Keyboard,South,3,50000,0.0,UPI,Accessories,150000.0,2025-04
10110,2025-09-26,1063,Laptop,South,3,50000,0.2,Debit Card,Electronics,120000.0,2025-09
10111,2025-07-16,1139,Tablet,South,4,5000,0.05,UPI,Electronics,19000.0,2025-07
10112,2025-01-25,1081,Monitor,North,5,50000,0.0,Credit Card,Electronics,250000.0,2025-01
10113,2025-05-28,1136,Laptop,West,5,10000,0.05,Debit Card,Electronics,47500.0,2025-05
10114,2025-04-28,1163,Laptop,North,5,1500,0.05,Credit Card,Electronics,7125.0,2025-04
10115,2025-12-04,1163,Laptop,East,2,50000,0.1,UPI,Electronics,90000.0,2025-12
10116,2025-12-04,1033,Headphones,North,3,500,0.05,UPI,Accessories,1425.0,2025-12
10117,2025-03-07,1123,Tablet,North,5,5000,0.1,Net Banking,Electronics,22500.0,2025-03
10118,2025-10-28,1005,Smartwatch,East,5,10000,0.15,UPI,Wearables,42500.0,2025-10
10119,2025-06-24,1041,Mouse,East,2,500,0.1,Credit Card,Accessories,900.0,2025-06
10120,2025-11-15,1028,Tablet,East,2,500,0.2,UPI,Electronics,800.0,2025-11
10121,2025-03-17,1135,Headphones,North,5,500,0.0,Net Banking,Accessories,2500.0,2025-03
10122,2025-04-24,1072,Mouse,North,1,500,0.15,Net Banking,Accessories,425.0,2025-04
10123,2025-04-21,1012,Tablet,East,5,1500,0.15,Credit Card,Electronics,6375.0,2025-04
10124,2025-09-06,1162,Laptop,West,5,50000,0.2,Debit Card,Electronics,200000.0,2025-09
10125,2025-07-22,1033,Monitor,West,2,25000,0.1,UPI,Electronics,45000.0,2025-07
10126,2025-05-27,1048,Mouse,South,2,1500,0.0,Net Banking,Accessories,3000.0,2025-05
10127,2025-02-04,1151,Keyboard,East,5,1500,0.1,UPI,Accessories,6750.0,2025-02
10128,2025-11-05,1062,Keyboard,South,5,10000,0.05,UPI,Accessories,47500.0,2025-11
10129,2025-01-26,1037,Smartphone,West,5,10000,0.1,Debit Card,Electronics,45000.0,2025-01
10130,2025-08-26,1099,Mouse,South,2,50000,0.15,Net Banking,Accessories,85000.0,2025-08
10131,2025-01-14,1172,Monitor,East,5,25000,0.0,UPI,Electronics,125000.0,2025-01
10132,2025-02-14,1104,Smartwatch,East,5,10000,0.1,Net Banking,Wearables,45000.0,2025-02
10133,2025-08-04,1035,Headphones,East,4,50000,0.0,Credit Card,Accessories,200000.0,2025-08
10134,2025-08-21,1193,Laptop,North,1,50000,0.0,Credit Card,Electronics,50000.0,2025-08
10135,2025-07-12,1101,Smartphone,South,3,1000,0.05,UPI,Electronics,2850.0,2025-07
10136,2025-02-20,1175,Keyboard,West,1,25000,0.05,Net Banking,Accessories,23750.0,2025-02
10137,2025-08-02,1131,Headphones,West,4,10000,0.15,UPI,Accessories,34000.0,2025-08
10138,2025-05-31,1001,Headphones,West,3,25000,0.2,Net Banking,Accessories,60000.0,2025-05
10139,2025-10-02,1005,Laptop,North,5,1500,0.0,Net Banking,Electronics,7500.0,2025-10
10140,2025-12-04,1142,Smartwatch,North,4,1500,0.2,Debit Card,Wearables,4800.0,2025-12
10141,2025-03-17,1103,Smartwatch,East,5,25000,0.15,Debit Card,Wearables,106250.0,2025-03
10142,2025-08-08,1027,Mouse,West,2,1000,0.0,Debit Card,Accessories,2000.0,2025-08
10143,2025-12-14,1137,Keyboard,North,4,1000,0.0,UPI,Accessories,4000.0,2025-12
10144,2025-07-06,1015,Smartwatch,East,2,25000,0.2,Debit Card,Wearables,40000.0,2025-07
10145,2025-10-16,1090,Monitor,West,4,10000,0.1,Debit Card,Electronics,36000.0,2025-10
10146,2025-01-28,1042,Smartwatch,South,4,5000,0.05,Credit Card,Wearables,19000.0,2025-01
10147,2025-06-29,1124,Headphones,East,2,1000,0.1,Net Banking,Accessories,1800.0,2025-06
10148,2025-09-10,1179,Laptop,North,3,500,0.2,Net Banking,Electronics,1200.0,2025-09
10149,2025-05-06,1063,Monitor,North,1,1500,0.05,Debit Card,Electronics,1425.0,2025-05
10150,2025-06-26,1096,Mouse,East,5,25000,0.1,Net Banking,Accessories,112500.0,2025-06
10151,2025-02-06,1052,Keyboard,East,4,500,0.05,Credit Card,Accessories,1900.0,2025-02
10152,2025-04-09,1096,Mouse,North,5,25000,0.0,Credit Card,Accessories,125000.0,2025-04
10153,2025-04-08,1132,Headphones,South,2,50000,0.1,Debit Card,Accessories,90000.0,2025-04
10154,2025-05-07,1151,Monitor,West,5,1500,0.05,Credit Card,Electronics,7125.0,2025-05
10155,2025-06-17,1143,Monitor,South,2,1500,0.05,Net Banking,Electronics,2850.0,2025-06
10156,2025-03-21,1171,Monitor,East,5,1000,0.05,UPI,Electronics,4750.0,2025-03
10157,2025-10-21,1029,Headphones,South,1,1000,0.1,Net Banking,Accessories,900.0,2025-10
10158,2025-11-29,1036,Headphones,North,1,500,0.15,UPI,Accessories,425.0,2025-11
10159,2025-05-06,1013,Mouse,East,1,50000,0.1,Debit Card,Accessories,45000.0,2025-05
10160,2025-12-09,1160,Smartphone,West,1,25000,0.2,UPI,Electronics,20000.0,2025-12
10161,2025-11-06,1071,Mouse,North,1,50000,0.1,Credit Card,Accessories,45000.0,2025-11
10162,2025-05-30,1187,Keyboard,North,1,1500,0.05,Net Banking,Accessories,1425.0,2025-05
10163,2025-01-16,1086,Laptop,West,2,500,0.0,UPI,Electronics,1000.0,2025-01
10164,2025-01-28,1028,Monitor,West,4,5000,0.1,Net Banking,Electronics,18000.0,2025-01
10165,2025-06-22,1066,Smartphone,South,5,500,0.1,Debit Card,Electronics,2250.0,2025-06
10166,2025-02-15,1170,Laptop,East,1,10000,0.05,Debit Card,Electronics,9500.0,2025-02
10167,2025-11-24,1045,Smartphone,West,2,500,0.0,Credit Card,Electronics,1000.0,2025-11
10168,2025-08-24,1062,Smartwatch,West,2,50000,0.0,Debit Card,Wearables,100000.0,2025-08
10169,2025-08-02,1185,Smartwatch,East,2,10000,0.2,UPI,Wearables,16000.0,2025-08
10170,2025-03-26,1134,Tablet,West,4,10000,0.1,Debit Card,Electronics,36000.0,2025-03
10171,2025-10-09,1028,Smartwatch,West,5,10000,0.0,Credit Card,Wearables,50000.0,2025-10
10172,2025-08-20,1028,Mouse,South,4,5000,0.0,Net Banking,Accessories,20000.0,2025-08
10173,2025-03-26,1108,Smartwatch,North,3,500,0.15,Net Banking,Wearables,1275.0,2025-03
10174,2025-03-06,1044,Headphones,North,2,50000,0.15,Debit Card,Accessories,85000.0,2025-03
10175,2025-05-14,1084,Monitor,North,3,500,0.0,UPI,Electronics,1500.0,2025-05
10176,2025-05-31,1030,Mouse,North,1,5000,0.2,Credit Card,Accessories,4000.0,2025-05
10177,2025-04-25,1190,Laptop,West,1,1500,0.0,UPI,Electronics,1500.0,2025-04
10178,2025-03-05,1075,Tablet,East,4,1000,0.05,Credit Card,Electronics,3800.0,2025-03
10179,2025-12-09,1128,Tablet,East,5,50000,0.1,Debit Card,Electronics,225000.0,2025-12
10180,2025-12-29,1092,Tablet,South,3,50000,0.2,Credit Card,Electronics,120000.0,2025-12
10181,2025-12-18,1190,Laptop,South,5,500,0.05,Credit Card,Electronics,2375.0,2025-12
10182,2025-06-07,1129,Laptop,West,4,1000,0.2,Debit Card,Electronics,3200.0,2025-06
10183,2025-03-18,1121,Laptop,East,1,25000,0.05,UPI,Electronics,23750.0,2025-03
10184,2025-05-26,1027,Laptop,East,5,25000,0.1,Debit Card,Electronics,112500.0,2025-05
10185,2025-12-09,1190,Tablet,North,5,5000,0.1,Credit Card,Electronics,22500.0,2025-12
10186,2025-08-13,1121,Tablet,West,1,25000,0.15,Debit Card,Electronics,21250.0,2025-08
10187,2025-11-09,1116,Smartphone,West,3,50000,0.05,Credit Card,Electronics,142500.0,2025-11
10188,2025-04-13,1003,Mouse,North,1,25000,0.15,Debit Card,Accessories,21250.0,2025-04
10189,2025-12-13,1103,Monitor,West,5,1500,0.05,Net Banking,Electronics,7125.0,2025-12
10190,2025-10-28,1198,Smartwatch,West,3,1500,0.15,Net Banking,Wearables,3825.0,2025-10
10191,2025-03-29,1200,Smartwatch,South,3,1500,0.1,Debit Card,Wearables,4050.0,2025-03
10192,2025-10-30,1155,Headphones,East,1,25000,0.2,UPI,Accessories,20000.0,2025-10
10193,2025-06-17,1137,Tablet,West,5,5000,0.15,Credit Card,Electronics,21250.0,2025-06
10194,2025-06-19,1062,Headphones,South,4,10000,0.05,Net Banking,Accessories,38000.0,2025-06
10195,2025-05-15,1165,Mouse,East,5,10000,0.05,UPI,Accessories,47500.0,2025-05
10196,2025-02-19,1051,Mouse,North,2,1000,0.1,Credit Card,Accessories,1800.0,2025-02
10197,2025-12-06,1172,Headphones,South,4,10000,0.05,Net Banking,Accessories,38000.0,2025-12
10198,2025-12-13,1152,Tablet,South,3,10000,0.0,Net Banking,Electronics,30000.0,2025-12
10199,2025-05-14,1059,Headphones,East,4,1500,0.2,Debit Card,Accessories,4800.0,2025-05
10200,2025-12-13,1118,Smartwatch,North,3,1500,0.15,Credit Card,Wearables,3825.0,2025-12
10201,2025-05-17,1160,Smartphone,South,3,25000,0.2,UPI,Electronics,60000.0,2025-05
10202,2025-09-02,1096,Smartwatch,West,4,1000,0.1,UPI,Wearables,3600.0,2025-09
10203,2025-04-19,1180,Keyboard,West,3,500,0.15,UPI,Accessories,1275.0,2025-04
10204,2025-11-09,1113,Tablet,West,3,50000,0.15,Credit Card,Electronics,127500.0,2025-11
10205,2025-10-14,1062,Tablet,North,2,1000,0.0,UPI,Electronics,2000.0,2025-10
10206,2025-01-21,1186,Monitor,South,5,1000,0.1,UPI,Electronics,4500.0,2025-01
10207,2025-03-31,1052,Laptop,West,5,5000,0.05,UPI,Electronics,23750.0,2025-03
10208,2025-10-23,1012,Keyboard,North,2,25000,0.0,Debit Card,Accessories,50000.0,2025-10
10209,2025-04-22,1039,Mouse,West,4,5000,0.0,Debit Card,Accessories,20000.0,2025-04
10210,2025-10-28,1130,Tablet,East,1,1000,0.2,Credit Card,Electronics,800.0,2025-10
10211,2025-03-18,1131,Headphones,South,1,1000,0.2,Credit Card,Accessories,800.0,2025-03
10212,2025-06-26,1113,Keyboard,South,1,1000,0.2,UPI,Accessories,800.0,2025-06
10213,2025-12-09,1101,Monitor,North,2,10000,0.0,Debit Card,Electronics,20000.0,2025-12
10214,2025-05-28,1113,Mouse,North,2,50000,0.05,Net Banking,Accessories,95000.0,2025-05
10215,2025-04-11,1184,Laptop,South,3,50000,0.15,Net Banking,Electronics,127500.0,2025-04
10216,2025-09-03,1081,Laptop,West,1,5000,0.2,UPI,Electronics,4000.0,2025-09
10217,2025-04-27,1187,Monitor,West,4,1000,0.05,UPI,Electronics,3800.0,2025-04
10218,2025-04-02,1113,Monitor,East,4,50000,0.1,Debit Card,Electronics,180000.0,2025-04
10219,2025-01-28,1002,Headphones,West,1,1500,0.2,Debit Card,Accessories,1200.0,2025-01
10220,2025-01-25,1130,Tablet,North,1,50000,0.15,Debit Card,Electronics,42500.0,2025-01
10221,2025-02-27,1054,Laptop,North,1,25000,0.1,Credit Card,Electronics,22500.0,2025-02
10222,2025-10-24,1087,Mouse,West,2,25000,0.1,Credit Card,Accessories,45000.0,2025-10
10223,2025-05-14,1129,Keyboard,North,2,50000,0.15,UPI,Accessories,85000.0,2025-05
10224,2025-11-27,1147,Mouse,South,2,1500,0.2,Credit Card,Accessories,2400.0,2025-11
10225,2025-09-06,1126,Smartphone,South,5,25000,0.0,Debit Card,Electronics,125000.0,2025-09
10226,2025-02-07,1130,Smartphone,West,4,10000,0.15,Debit Card,Electronics,34000.0,2025-02
10227,2025-03-16,1053,Monitor,South,4,50000,0.15,Credit Card,Electronics,170000.0,2025-03
10228,2025-05-22,1172,Headphones,South,3,10000,0.15,Net Banking,Accessories,25500.0,2025-05
10229,2025-11-18,1160,Smartphone,East,2,50000,0.1,UPI,Electronics,90000.0,2025-11
10230,2025-06-17,1198,Laptop,East,5,500,0.05,Net Banking,Electronics,2375.0,2025-06
10231,2025-09-16,1160,Mouse,South,5,500,0.0,UPI,Accessories,2500.0,2025-09
10232,2025-12-21,1068,Mouse,West,4,500,0.2,Net Banking,Accessories,1600.0,2025-12
10233,2025-08-13,1183,Monitor,East,2,25000,0.2,Credit Card,Electronics,40000.0,2025-08
10234,2025-06-01,1184,Tablet,North,3,10000,0.05,UPI,Electronics,28500.0,2025-06
10235,2025-01-19,1123,Tablet,North,2,10000,0.15,UPI,Electronics,17000.0,2025-01
10236,2025-05-26,1145,Keyboard,North,1,10000,0.0,UPI,Accessories,10000.0,2025-05
10237,2025-08-29,1038,Monitor,West,2,1500,0.2,Debit Card,Electronics,2400.0,2025-08
10238,2025-12-10,1024,Smartwatch,South,1,10000,0.2,Debit Card,Wearables,8000.0,2025-12
10239,2025-08-25,1069,Keyboard,North,1,1500,0.15,Net Banking,Accessories,1275.0,2025-08
10240,2025-02-04,1116,Smartwatch,West,3,500,0.05,Credit Card,Wearables,1425.0,2025-02
10241,2025-07-09,1098,Tablet,East,4,500,0.0,Debit Card,Electronics,2000.0,2025-07
10242,2025-01-01,1198,Monitor,South,2,25000,0.05,UPI,Electronics,47500.0,2025-01
10243,2025-06-02,1139,Smartwatch,East,1,50000,0.05,Debit Card,Wearables,47500.0,2025-06
10244,2025-05-06,1144,Monitor,West,2,500,0.0,Credit Card,Electronics,1000.0,2025-05
10245,2025-12-11,1097,Monitor,North,4,50000,0.0,Debit Card,Electronics,200000.0,2025-12
10246,2025-08-14,1124,Tablet,North,4,50000,0.2,UPI,Electronics,160000.0,2025-08
10247,2025-08-09,1187,Keyboard,West,5,25000,0.2,Net Banking,Accessories,100000.0,2025-08
10248,2025-07-30,1070,Keyboard,North,4,1000,0.0,UPI,Accessories,4000.0,2025-07
10249,2025-01-25,1093,Monitor,South,3,1000,0.1,Credit Card,Electronics,2700.0,2025-01
10250,2025-01-16,1003,Smartphone,West,1,5000,0.2,Net Banking,Electronics,4000.0,2025-01
10251,2025-07-01,1148,Headphones,East,5,25000,0.1,Debit Card,Accessories,112500.0,2025-07
10252,2025-11-25,1187,Tablet,West,3,5000,0.0,Debit Card,Electronics,15000.0,2025-11
10253,2025-05-09,1164,Headphones,South,2,5000,0.2,Debit Card,Accessories,8000.0,2025-05
10254,2025-02-11,1147,Headphones,South,1,1000,0.05,Net Banking,Accessories,950.0,2025-02
10255,2025-12-02,1090,Keyboard,West,4,25000,0.0,UPI,Accessories,100000.0,2025-12
10256,2025-08-24,1195,Keyboard,West,1,1000,0.15,Net Banking,Accessories,850.0,2025-08
10257,2025-12-26,1147,Smartphone,North,2,5000,0.1,Net Banking,Electronics,9000.0,2025-12
10258,2025-02-03,1148,Headphones,South,5,25000,0.0,Credit Card,Accessories,125000.0,2025-02
10259,2025-12-11,1096,Headphones,West,5,5000,0.0,Net Banking,Accessories,25000.0,2025-12
10260,2025-02-14,1199,Monitor,West,5,10000,0.2,Debit Card,Electronics,40000.0,2025-02
10261,2025-05-14,1052,Keyboard,South,4,50000,0.2,UPI,Accessories,160000.0,2025-05
10262,2025-01-21,1161,Headphones,West,3,25000,0.2,UPI,Accessories,60000.0,2025-01
10263,2025-05-02,1168,Mouse,North,3,25000,0.15,UPI,Accessories,63750.0,2025-05
10264,2025-03-11,1128,Smartphone,South,1,50000,0.2,Debit Card,Electronics,40000.0,2025-03
10265,2025-12-18,1039,Smartwatch,North,4,5000,0.0,Debit Card,Wearables,20000.0,2025-12
10266,2025-12-27,1082,Mouse,North,5,10000,0.2,Debit Card,Accessories,40000.0,2025-12
10267,2025-02-17,1104,Mouse,North,5,1500,0.05,Debit Card,Accessories,7125.0,2025-02
10268,2025-02-08,1129,Smartwatch,North,2,50000,0.2,Debit Card,Wearables,80000.0,2025-02
10269,2025-10-14,1011,Tablet,South,2,1000,0.15,Net Banking,Electronics,1700.0,2025-10
10270,2025-01-10,1185,Tablet,North,5,5000,0.05,Debit Card,Electronics,23750.0,2025-01
10271,2025-01-30,1178,Smartphone,North,5,50000,0.0,Debit Card,Electronics,250000.0,2025-01
10272,2025-09-01,1151,Mouse,West,4,50000,0.0,Debit Card,Accessories,200000.0,2025-09
10273,2025-10-01,1159,Headphones,South,3,25000,0.1,Debit Card,Accessories,67500.0,2025-10
10274,2025-03-29,1042,Keyboard,South,2,1000,0.05,UPI,Accessories,1900.0,2025-03
10275,2025-09-01,1099,Smartphone,East,3,1000,0.1,Debit Card,Electronics,2700.0,2025-09
10276,2025-11-25,1007,Monitor,South,4,1000,0.05,Net Banking,Electronics,3800.0,2025-11
10277,2025-01-15,1144,Smartwatch,South,5,50000,0.05,Net Banking,Wearables,237500.0,2025-01
10278,2025-01-04,1090,Mouse,East,3,1500,0.15,Net Banking,Accessories,3825.0,2025-01
10279,2025-07-10,1112,Smartphone,South,5,500,0.1,Credit Card,Electronics,2250.0,2025-07
10280,2025-06-17,1060,Laptop,South,5,5000,0.15,UPI,Electronics,21250.0,2025-06
10281,2025-01-09,1113,Laptop,South,1,500,0.05,Debit Card,Electronics,475.0,2025-01
10282,2025-04-19,1002,Tablet,South,3,50000,0.0,Credit Card,Electronics,150000.0,2025-04
10283,2025-05-17,1129,Smartwatch,East,3,500,0.05,Debit Card,Wearables,1425.0,2025-05
10284,2025-06-03,1048,Keyboard,South,5,50000,0.15,Credit Card,Accessories,212500.0,2025-06
10285,2025-07-28,1140,Headphones,South,4,500,0.1,Credit Card,Accessories,1800.0,2025-07
10286,2025-09-29,1197,Keyboard,East,1,1000,0.1,Net Banking,Accessories,900.0,2025-09
10287,2025-05-23,1037,Keyboard,West,5,10000,0.15,Net Banking,Accessories,42500.0,2025-05
10288,2025-04-09,1160,Keyboard,North,2,1000,0.1,Credit Card,Accessories,1800.0,2025-04
10289,2025-11-04,1009,Smartwatch,West,2,1000,0.2,Net Banking,Wearables,1600.0,2025-11
10290,2025-03-10,1099,Keyboard,East,1,25000,0.0,Credit Card,Accessories,25000.0,2025-03
10291,2025-09-04,1147,Monitor,North,4,25000,0.0,UPI,Electronics,100000.0,2025-09
10292,2025-09-18,1048,Smartwatch,East,5,500,0.0,Net Banking,Wearables,2500.0,2025-09
10293,2025-10-03,1131,Monitor,East,3,50000,0.1,Net Banking,Electronics,135000.0,2025-10
10294,2025-03-20,1148,Smartwatch,South,1,1000,0.1,Net Banking,Wearables,900.0,2025-03
10295,2025-05-26,1152,Tablet,North,4,500,0.05,UPI,Electronics,1900.0,2025-05
10296,2025-04-21,1054,Smartphone,South,3,25000,0.05,Credit Card,Electronics,71250.0,2025-04
10297,2025-09-15,1120,Laptop,North,2,10000,0.0,Debit Card,Electronics,20000.0,2025-09
10298,2025-04-03,1161,Keyboard,East,2,5000,0.2,Net Banking,Accessories,8000.0,2025-04
10299,2025-01-13,1152,Tablet,East,3,500,0.05,Credit Card,Electronics,1425.0,2025-01
10300,2025-09-17,1116,Smartphone,West,1,10000,0.05,UPI,Electronics,9500.0,2025-09
10301,2025-04-19,1075,Laptop,North,2,5000,0.1,Debit Card,Electronics,9000.0,2025-04
10302,2025-11-26,1113,Mouse,South,5,1500,0.2,Net Banking,Accessories,6000.0,2025-11
10303,2025-07-08,1200,Headphones,West,3,500,0.0,UPI,Accessories,1500.0,2025-07
10304,2025-04-05,1164,Monitor,West,3,500,0.05,UPI,Electronics,1425.0,2025-04
10305,2025-04-15,1166,Mouse,West,2,1500,0.2,Debit Card,Accessories,2400.0,2025-04
10306,2025-01-08,1104,Smartwatch,South,1,1500,0.2,Credit Card,Wearables,1200.0,2025-01
10307,2025-03-08,1084,Laptop,West,5,500,0.0,Net Banking,Electronics,2500.0,2025-03
10308,2025-07-10,1112,Mouse,South,1,1500,0.2,Net Banking,Accessories,1200.0,2025-07
10309,2025-09-13,1099,Headphones,West,4,1000,0.2,Credit Card,Accessories,3200.0,2025-09
10310,2025-01-09,1153,Tablet,South,4,5000,0.2,Credit Card,Electronics,16000.0,2025-01
10311,2025-04-27,1093,Laptop,East,2,5000,0.05,Credit Card,Electronics,9500.0,2025-04
10312,2025-09-24,1146,Mouse,East,2,5000,0.0,Debit Card,Accessories,10000.0,2025-09
10313,2025-04-09,1128,Monitor,East,2,1000,0.2,Debit Card,Electronics,1600.0,2025-04
10314,2025-10-25,1110,Monitor,East,4,50000,0.2,Net Banking,Electronics,160000.0,2025-10
10315,2025-06-13,1082,Smartphone,East,1,1500,0.05,Debit Card,Electronics,1425.0,2025-06
10316,2025-05-21,1194,Mouse,West,1,10000,0.0,UPI,Accessories,10000.0,2025-05
10317,2025-09-25,1054,Keyboard,West,2,1500,0.1,Net Banking,Accessories,2700.0,2025-09
10318,2025-02-06,1163,Mouse,West,5,500,0.05,Debit Card,Accessories,2375.0,2025-02
10319,2025-03-15,1189,Tablet,South,1,25000,0.0,Credit Card,Electronics,25000.0,2025-03
10320,2025-03-14,1169,Laptop,South,4,5000,0.2,UPI,Electronics,16000.0,2025-03
10321,2025-11-04,1161,Laptop,South,3,1500,0.0,Credit Card,Electronics,4500.0,2025-11
10322,2025-07-18,1068,Tablet,South,3,10000,0.0,Net Banking,Electronics,30000.0,2025-07
10323,2025-05-10,1033,Mouse,East,3,500,0.0,Credit Card,Accessories,1500.0,2025-05
10324,2025-09-03,1142,Tablet,East,5,1000,0.1,Debit Card,Electronics,4500.0,2025-09
10325,2025-11-08,1021,Headphones,East,2,50000,0.0,Debit Card,Accessories,100000.0,2025-11
10326,2025-03-01,1048,Smartwatch,North,4,1000,0.1,Net Banking,Wearables,3600.0,2025-03
10327,2025-10-06,1148,Tablet,West,5,10000,0.2,Credit Card,Electronics,40000.0,2025-10
10328,2025-04-13,1128,Monitor,South,4,500,0.1,Net Banking,Electronics,1800.0,2025-04
10329,2025-10-23,1136,Tablet,South,4,5000,0.2,Credit Card,Electronics,16000.0,2025-10
10330,2025-11-16,1135,Laptop,East,2,1500,0.2,UPI,Electronics,2400.0,2025-11
10331,2025-12-07,1195,Monitor,South,3,500,0.1,Debit Card,Electronics,1350.0,2025-12
10332,2025-05-31,1145,Laptop,South,2,50000,0.05,Net Banking,Electronics,95000.0,2025-05
10333,2025-06-06,1128,Smartphone,West,5,1000,0.15,UPI,Electronics,4250.0,2025-06
10334,2025-07-25,1033,Keyboard,East,5,50000,0.0,UPI,Accessories,250000.0,2025-07
10335,2025-06-28,1176,Laptop,West,5,50000,0.15,Net Banking,Electronics,212500.0,2025-06
10336,2025-07-16,1187,Monitor,North,2,10000,0.0,Net Banking,Electronics,20000.0,2025-07
10337,2025-08-11,1115,Smartphone,North,4,10000,0.0,UPI,Electronics,40000.0,2025-08
10338,2025-03-30,1119,Laptop,North,4,1500,0.2,Credit Card,Electronics,4800.0,2025-03
10339,2025-10-14,1022,Headphones,East,1,10000,0.0,UPI,Accessories,10000.0,2025-10
10340,2025-10-03,1158,Tablet,South,5,10000,0.0,Net Banking,Electronics,50000.0,2025-10
10341,2025-08-24,1038,Keyboard,East,4,500,0.1,UPI,Accessories,1800.0,2025-08
10342,2025-07-02,1109,Laptop,East,1,5000,0.15,Credit Card,Electronics,4250.0,2025-07
10343,2025-07-28,1051,Smartphone,South,4,1500,0.1,Debit Card,Electronics,5400.0,2025-07
10344,2025-05-10,1182,Headphones,West,5,500,0.0,Debit Card,Accessories,2500.0,2025-05
10345,2025-06-02,1008,Mouse,North,3,5000,0.2,UPI,Accessories,12000.0,2025-06
10346,2025-01-13,1027,Smartphone,West,5,50000,0.1,Credit Card,Electronics,225000.0,2025-01
10347,2025-05-02,1027,Tablet,North,2,500,0.1,Debit Card,Electronics,900.0,2025-05
10348,2025-12-25,1021,Smartphone,East,4,25000,0.05,UPI,Electronics,95000.0,2025-12
10349,2025-08-08,1030,Headphones,North,4,500,0.0,UPI,Accessories,2000.0,2025-08
10350,2025-04-16,1097,Smartphone,East,2,10000,0.2,Credit Card,Electronics,16000.0,2025-04
10351,2025-03-11,1028,Headphones,West,2,5000,0.1,Net Banking,Accessories,9000.0,2025-03
10352,2025-07-14,1111,Laptop,East,3,1500,0.1,UPI,Electronics,4050.0,2025-07
10353,2025-07-05,1192,Smartwatch,West,4,1500,0.2,Net Banking,Wearables,4800.0,2025-07
10354,2025-04-09,1197,Headphones,South,4,5000,0.0,Net Banking,Accessories,20000.0,2025-04
10355,2025-03-23,1061,Headphones,South,3,10000,0.05,Debit Card,Accessories,28500.0,2025-03
10356,2025-03-16,1048,Keyboard,South,1,1000,0.1,Net Banking,Accessories,900.0,2025-03
10357,2025-12-06,1147,Headphones,East,3,500,0.05,Credit Card,Accessories,1425.0,2025-12
10358,2025-07-11,1004,Headphones,South,5,10000,0.15,Debit Card,Accessories,42500.0,2025-07
10359,2025-11-21,1035,Mouse,North,4,25000,0.0,Debit Card,Accessories,100000.0,2025-11
10360,2025-08-02,1192,Smartwatch,West,2,50000,0.15,Debit Card,Wearables,85000.0,2025-08
10361,2025-11-11,1049,Laptop,West,5,5000,0.15,UPI,Electronics,21250.0,2025-11
10362,2025-11-14,1017,Tablet,North,4,500,0.15,UPI,Electronics,1700.0,2025-11
10363,2025-05-24,1172,Keyboard,East,3,1500,0.0,Net Banking,Accessories,4500.0,2025-05
10364,2025-08-04,1158,Mouse,East,5,50000,0.0,Debit Card,Accessories,250000.0,2025-08
10365,2025-12-27,1046,Monitor,West,4,1000,0.2,Debit Card,Electronics,3200.0,2025-12
10366,2025-11-20,1117,Smartwatch,South,1,25000,0.05,Credit Card,Wearables,23750.0,2025-11
10367,2025-01-15,1006,Laptop,East,1,1500,0.05,Net Banking,Electronics,1425.0,2025-01
10368,2025-08-05,1099,Laptop,East,2,5000,0.2,Credit Card,Electronics,8000.0,2025-08
10369,2025-02-04,1124,Monitor,North,4,500,0.2,Net Banking,Electronics,1600.0,2025-02
10370,2025-07-02,1037,Tablet,North,1,5000,0.15,Net Banking,Electronics,4250.0,2025-07
10371,2025-09-27,1024,Headphones,South,3,50000,0.2,UPI,Accessories,120000.0,2025-09
10372,2025-12-24,1093,Mouse,East,4,500,0.1,UPI,Accessories,1800.0,2025-12
10373,2025-04-10,1046,Smartphone,East,3,10000,0.05,Credit Card,Electronics,28500.0,2025-04
10374,2025-01-07,1181,Keyboard,North,3,1000,0.2,Net Banking,Accessories,2400.0,2025-01
10375,2025-01-30,1095,Smartphone,East,1,10000,0.1,Debit Card,Electronics,9000.0,2025-01
10376,2025-11-01,1099,Monitor,West,4,10000,0.1,UPI,Electronics,36000.0,2025-11
10377,2025-05-24,1188,Laptop,North,5,5000,0.1,Debit Card,Electronics,22500.0,2025-05
10378,2025-04-21,1116,Tablet,South,1,50000,0.1,Credit Card,Electronics,45000.0,2025-04
10379,2025-08-20,1191,Laptop,North,1,1000,0.15,UPI,Electronics,850.0,2025-08
10380,2025-06-28,1160,Keyboard,East,4,500,0.1,UPI,Accessories,1800.0,2025-06
10381,2025-03-13,1161,Laptop,South,4,500,0.15,Net Banking,Electronics,1700.0,2025-03
10382,2025-07-29,1067,Laptop,North,3,25000,0.15,Credit Card,Electronics,63750.0,2025-07
10383,2025-08-08,1128,Keyboard,West,4,1500,0.1,Net Banking,Accessories,5400.0,2025-08
10384,2025-03-21,1018,Mouse,West,3,25000,0.05,UPI,Accessories,71250.0,2025-03
10385,2025-03-24,1025,Mouse,North,1,25000,0.1,Credit Card,Accessories,22500.0,2025-03
10386,2025-02-11,1054,Keyboard,West,2,500,0.1,UPI,Accessories,900.0,2025-02
10387,2025-09-30,1058,Tablet,West,5,5000,0.1,Credit Card,Electronics,22500.0,2025-09
10388,2025-07-10,1067,Monitor,West,1,10000,0.05,UPI,Electronics,9500.0,2025-07
10389,2025-06-22,1104,Smartwatch,South,4,50000,0.0,Debit Card,Wearables,200000.0,2025-06
10390,2025-01-07,1174,Laptop,West,5,10000,0.0,Debit Card,Electronics,50000.0,2025-01
10391,2025-06-04,1024,Tablet,West,2,10000,0.15,Net Banking,Electronics,17000.0,2025-06
10392,2025-01-10,1114,Laptop,West,2,1000,0.15,Debit Card,Electronics,1700.0,2025-01
10393,2025-02-03,1032,Smartwatch,South,3,500,0.05,UPI,Wearables,1425.0,2025-02
10394,2025-02-05,1175,Monitor,North,5,50000,0.2,UPI,Electronics,200000.0,2025-02
10395,2025-01-06,1086,Mouse,East,3,5000,0.0,Debit Card,Accessories,15000.0,2025-01
10396,2025-08-03,1151,Tablet,West,1,1000,0.15,Net Banking,Electronics,850.0,2025-08
10397,2025-05-14,1194,Headphones,North,5,1500,0.0,Debit Card,Accessories,7500.0,2025-05
10398,2025-10-12,1127,Headphones,West,1,5000,0.05,Credit Card,Accessories,4750.0,2025-10
10399,2025-05-06,1155,Smartwatch,South,3,25000,0.05,Credit Card,Wearables,71250.0,2025-05
10400,2025-12-03,1130,Headphones,North,5,5000,0.2,Credit Card,Accessories,20000.0,2025-12
10401,2025-06-23,1017,Mouse,South,3,5000,0.2,Debit Card,Accessories,12000.0,2025-06
10402,2025-06-01,1104,Smartwatch,West,5,10000,0.05,Debit Card,Wearables,47500.0,2025-06
10403,2025-11-27,1161,Mouse,West,3,5000,0.15,Debit Card,Accessories,12750.0,2025-11
10404,2025-01-26,1137,Monitor,South,2,25000,0.0,Credit Card,Electronics,50000.0,2025-01
10405,2025-04-25,1043,Laptop,East,3,25000,0.1,Net Banking,Electronics,67500.0,2025-04
10406,2025-10-11,1176,Monitor,South,2,500,0.2,UPI,Electronics,800.0,2025-10
10407,2025-03-16,1039,Monitor,West,3,5000,0.1,Debit Card,Electronics,13500.0,2025-03
10408,2025-06-15,1170,Mouse,South,5,10000,0.15,Net Banking,Accessories,42500.0,2025-06
10409,2025-07-08,1026,Smartwatch,East,5,5000,0.2,UPI,Wearables,20000.0,2025-07
10410,2025-03-19,1099,Smartwatch,South,5,1500,0.1,UPI,Wearables,6750.0,2025-03
10411,2025-03-31,1050,Headphones,East,4,1500,0.15,UPI,Accessories,5100.0,2025-03
10412,2025-06-25,1153,Smartphone,East,1,10000,0.0,Net Banking,Electronics,10000.0,2025-06
10413,2025-01-21,1152,Laptop,South,5,500,0.15,Net Banking,Electronics,2125.0,2025-01
10414,2025-02-23,1013,Mouse,South,2,500,0.2,Credit Card,Accessories,800.0,2025-02
10415,2025-07-03,1060,Headphones,North,5,25000,0.05,Net Banking,Accessories,118750.0,2025-07
10416,2025-12-25,1135,Tablet,West,4,25000,0.0,Net Banking,Electronics,100000.0,2025-12
10417,2025-08-10,1057,Smartphone,East,2,1000,0.1,Net Banking,Electronics,1800.0,2025-08
10418,2025-11-11,1036,Smartphone,North,4,10000,0.2,UPI,Electronics,32000.0,2025-11
10419,2025-11-24,1173,Mouse,South,2,5000,0.05,Debit Card,Accessories,9500.0,2025-11
10420,2025-06-28,1020,Keyboard,West,3,50000,0.15,Credit Card,Accessories,127500.0,2025-06
10421,2025-10-03,1065,Laptop,North,1,10000,0.05,Debit Card,Electronics,9500.0,2025-10
10422,2025-04-22,1008,Smartphone,East,1,1000,0.2,Debit Card,Electronics,800.0,2025-04
10423,2025-08-12,1144,Mouse,North,4,25000,0.2,Net Banking,Accessories,80000.0,2025-08
10424,2025-08-02,1142,Mouse,East,1,10000,0.05,Credit Card,Accessories,9500.0,2025-08
10425,2025-02-28,1115,Headphones,South,4,10000,0.15,Debit Card,Accessories,34000.0,2025-02
10426,2025-11-23,1143,Tablet,West,4,25000,0.05,Debit Card,Electronics,95000.0,2025-11
10427,2025-04-19,1092,Keyboard,West,4,1000,0.2,Credit Card,Accessories,3200.0,2025-04
10428,2025-06-06,1098,Laptop,West,1,25000,0.2,Net Banking,Electronics,20000.0,2025-06
10429,2025-07-10,1066,Smartwatch,South,4,500,0.1,Debit Card,Wearables,1800.0,2025-07
10430,2025-07-19,1032,Monitor,East,1,5000,0.1,UPI,Electronics,4500.0,2025-07
10431,2025-11-08,1191,Tablet,South,4,25000,0.0,Debit Card,Electronics,100000.0,2025-11
10432,2025-07-15,1086,Tablet,West,5,1000,0.2,UPI,Electronics,4000.0,2025-07
10433,2025-02-04,1051,Headphones,South,4,1500,0.1,Net Banking,Accessories,5400.0,2025-02
10434,2025-09-03,1153,Smartwatch,South,2,500,0.05,Debit Card,Wearables,950.0,2025-09
10435,2025-08-25,1186,Smartphone,South,4,1500,0.15,Credit Card,Electronics,5100.0,2025-08
10436,2025-04-14,1063,Smartphone,East,3,50000,0.05,Credit Card,Electronics,142500.0,2025-04
10437,2025-01-07,1190,Headphones,North,4,25000,0.15,Debit Card,Accessories,85000.0,2025-01
10438,2025-10-10,1125,Mouse,North,2,500,0.1,Net Banking,Accessories,900.0,2025-10
10439,2025-01-01,1150,Smartphone,South,2,5000,0.0,Net Banking,Electronics,10000.0,2025-01
10440,2025-08-07,1058,Keyboard,North,1,25000,0.05,Credit Card,Accessories,23750.0,2025-08
10441,2025-08-18,1058,Laptop,North,5,5000,0.05,Debit Card,Electronics,23750.0,2025-08
10442,2025-06-21,1086,Tablet,South,4,10000,0.05,Net Banking,Electronics,38000.0,2025-06
10443,2025-03-28,1049,Tablet,South,1,1500,0.15,Credit Card,Electronics,1275.0,2025-03
10444,2025-02-10,1180,Keyboard,West,5,500,0.1,UPI,Accessories,2250.0,2025-02
10445,2025-05-03,1170,Smartwatch,North,4,5000,0.05,Debit Card,Wearables,19000.0,2025-05
10446,2025-11-27,1070,Smartphone,East,3,1000,0.05,UPI,Electronics,2850.0,2025-11
10447,2025-10-25,1015,Tablet,South,4,5000,0.0,UPI,Electronics,20000.0,2025-10
10448,2025-06-27,1054,Monitor,West,2,1000,0.0,Net Banking,Electronics,2000.0,2025-06
10449,2025-03-04,1188,Smartwatch,East,2,25000,0.1,Net Banking,Wearables,45000.0,2025-03
10450,2025-06-14,1101,Laptop,North,3,500,0.1,Net Banking,Electronics,1350.0,2025-06
10451,2025-07-06,1008,Laptop,West,1,5000,0.2,Debit Card,Electronics,4000.0,2025-07
10452,2025-07-28,1053,Tablet,South,5,50000,0.0,UPI,Electronics,250000.0,2025-07
10453,2025-08-15,1060,Headphones,East,4,5000,0.2,Debit Card,Accessories,16000.0,2025-08
10454,2025-02-17,1108,Smartwatch,South,2,50000,0.15,Net Banking,Wearables,85000.0,2025-02
10455,2025-08-12,1005,Tablet,North,1,500,0.2,UPI,Electronics,400.0,2025-08
10456,2025-01-03,1103,Headphones,East,3,5000,0.05,Debit Card,Accessories,14250.0,2025-01
10457,2025-06-24,1196,Tablet,North,2,1000,0.2,Debit Card,Electronics,1600.0,2025-06
10458,2025-04-09,1006,Monitor,North,3,5000,0.1,Credit Card,Electronics,13500.0,2025-04
10459,2025-04-26,1109,Smartwatch,West,4,1500,0.15,Debit Card,Wearables,5100.0,2025-04
10460,2025-09-27,1116,Mouse,South,5,25000,0.05,Net Banking,Accessories,118750.0,2025-09
10461,2025-09-10,1094,Laptop,East,2,10000,0.2,Debit Card,Electronics,16000.0,2025-09
10462,2025-11-13,1047,Tablet,North,2,1000,0.15,UPI,Electronics,1700.0,2025-11
10463,2025-04-05,1099,Monitor,North,4,1500,0.15,Debit Card,Electronics,5100.0,2025-04
10464,2025-09-30,1055,Headphones,East,1,50000,0.05,Credit Card,Accessories,47500.0,2025-09
10465,2025-01-24,1168,Headphones,North,5,25000,0.2,UPI,Accessories,100000.0,2025-01
10466,2025-04-26,1052,Laptop,West,2,500,0.15,UPI,Electronics,850.0,2025-04
10467,2025-05-31,1144,Keyboard,West,5,1000,0.15,Credit Card,Accessories,4250.0,2025-05
10468,2025-12-04,1013,Tablet,West,2,10000,0.0,Net Banking,Electronics,20000.0,2025-12
10469,2025-02-19,1114,Smartwatch,West,5,25000,0.15,UPI,Wearables,106250.0,2025-02
10470,2025-07-25,1124,Smartphone,North,3,50000,0.0,Net Banking,Electronics,150000.0,2025-07
10471,2025-12-01,1106,Headphones,East,2,10000,0.2,UPI,Accessories,16000.0,2025-12
10472,2025-03-20,1158,Smartwatch,East,5,500,0.2,UPI,Wearables,2000.0,2025-03
10473,2025-03-11,1147,Smartwatch,East,1,500,0.2,Net Banking,Wearables,400.0,2025-03
10474,2025-01-27,1145,Mouse,East,3,50000,0.1,UPI,Accessories,135000.0,2025-01
10475,2025-09-28,1120,Smartwatch,South,3,1000,0.2,Net Banking,Wearables,2400.0,2025-09
10476,2025-02-19,1063,Smartwatch,East,1,50000,0.15,Credit Card,Wearables,42500.0,2025-02
10477,2025-10-19,1019,Mouse,South,5,5000,0.05,Net Banking,Accessories,23750.0,2025-10
10478,2025-09-04,1092,Headphones,South,4,500,0.0,Credit Card,Accessories,2000.0,2025-09
10479,2025-09-21,1058,Smartwatch,West,1,25000,0.1,UPI,Wearables,22500.0,2025-09
10480,2025-03-20,1183,Keyboard,South,5,5000,0.2,Net Banking,Accessories,20000.0,2025-03
10481,2025-07-09,1090,Keyboard,North,1,1500,0.2,UPI,Accessories,1200.0,2025-07
10482,2025-02-16,1117,Monitor,South,1,10000,0.05,Net Banking,Electronics,9500.0,2025-02
10483,2025-12-27,1062,Mouse,West,2,5000,0.05,Credit Card,Accessories,9500.0,2025-12
10484,2025-12-20,1023,Monitor,South,5,10000,0.1,Credit Card,Electronics,45000.0,2025-12
10485,2025-12-18,1127,Mouse,North,4,50000,0.0,Net Banking,Accessories,200000.0,2025-12
10486,2025-07-08,1137,Tablet,North,2,5000,0.2,Credit Card,Electronics,8000.0,2025-07
10487,2025-09-13,1140,Tablet,North,1,50000,0.1,UPI,Electronics,45000.0,2025-09
10488,2025-08-10,1129,Smartwatch,West,1,1500,0.15,UPI,Wearables,1275.0,2025-08
10489,2025-08-29,1058,Smartphone,West,1,500,0.15,Debit Card,Electronics,425.0,2025-08
10490,2025-09-26,1122,Tablet,East,5,1500,0.1,Credit Card,Electronics,6750.0,2025-09
10491,2025-01-01,1001,Smartphone,West,5,500,0.2,UPI,Electronics,2000.0,2025-01
10492,2025-02-03,1034,Tablet,North,2,50000,0.1,Net Banking,Electronics,90000.0,2025-02
10493,2025-03-20,1096,Laptop,North,4,500,0.2,Credit Card,Electronics,1600.0,2025-03
10494,2025-08-24,1126,Tablet,West,2,10000,0.05,UPI,Electronics,19000.0,2025-08
10495,2025-11-30,1118,Monitor,South,3,25000,0.1,Credit Card,Electronics,67500.0,2025-11
10496,2025-12-15,1048,Headphones,West,1,1500,0.2,Net Banking,Accessories,1200.0,2025-12
10497,2025-04-08,1089,Smartwatch,West,1,5000,0.1,UPI,Wearables,4500.0,2025-04
10498,2025-03-23,1117,Monitor,North,1,1500,0.1,Debit Card,Electronics,1350.0,2025-03
10499,2025-07-11,1129,Headphones,East,2,10000,0.2,Debit Card,Accessories,16000.0,2025-07
10500,2025-09-10,1016,Keyboard,North,2,500,0.2,Credit Card,Accessories,800.0,2025-09
10501,2025-02-07,1189,Monitor,East,1,10000,0.0,Net Banking,Electronics,10000.0,2025-02
10502,2025-01-14,1192,Keyboard,North,2,1000,0.1,UPI,Accessories,1800.0,2025-01
10503,2025-12-13,1191,Smartphone,West,5,1000,0.15,Net Banking,Electronics,4250.0,2025-12
10504,2025-11-06,1069,Smartphone,North,5,5000,0.1,UPI,Electronics,22500.0,2025-11
10505,2025-07-28,1022,Laptop,North,2,10000,0.1,Credit Card,Electronics,18000.0,2025-07
10506,2025-12-23,1093,Tablet,North,1,50000,0.2,UPI,Electronics,40000.0,2025-12
10507,2025-03-30,1195,Monitor,West,2,5000,0.1,Net Banking,Electronics,9000.0,2025-03
10508,2025-02-25,1076,Keyboard,West,2,50000,0.1,Net Banking,Accessories,90000.0,2025-02
10509,2025-04-04,1154,Headphones,West,2,5000,0.15,Credit Card,Accessories,8500.0,2025-04
10510,2025-04-03,1144,Smartphone,West,3,1000,0.2,Net Banking,Electronics,2400.0,2025-04
10511,2025-12-06,1179,Tablet,East,5,5000,0.1,UPI,Electronics,22500.0,2025-12
10512,2025-03-26,1086,Smartphone,East,4,1000,0.05,Credit Card,Electronics,3800.0,2025-03
10513,2025-09-02,1185,Headphones,South,4,500,0.0,UPI,Accessories,2000.0,2025-09
10514,2025-01-22,1029,Tablet,West,3,50000,0.15,Net Banking,Electronics,127500.0,2025-01
10515,2025-10-18,1069,Tablet,East,2,10000,0.1,Credit Card,Electronics,18000.0,2025-10
10516,2025-09-29,1047,Keyboard,North,3,5000,0.05,UPI,Accessories,14250.0,2025-09
10517,2025-11-02,1094,Keyboard,West,3,1000,0.1,Net Banking,Accessories,2700.0,2025-11
10518,2025-05-02,1190,Monitor,South,1,1500,0.1,Net Banking,Electronics,1350.0,2025-05
10519,2025-05-08,1197,Monitor,South,5,50000,0.2,Debit Card,Electronics,200000.0,2025-05
10520,2025-04-23,1144,Mouse,South,4,5000,0.2,Net Banking,Accessories,16000.0,2025-04
10521,2025-09-30,1176,Smartwatch,North,2,25000,0.2,UPI,Wearables,40000.0,2025-09
10522,2025-12-02,1085,Mouse,East,4,500,0.05,Credit Card,Accessories,1900.0,2025-12
10523,2025-05-10,1039,Laptop,North,4,500,0.1,Debit Card,Electronics,1800.0,2025-05
10524,2025-05-12,1100,Smartphone,West,5,1500,0.0,Net Banking,Electronics,7500.0,2025-05
10525,2025-03-26,1033,Monitor,South,4,1000,0.15,Net Banking,Electronics,3400.0,2025-03
10526,2025-12-16,1101,Keyboard,North,4,5000,0.2,Net Banking,Accessories,16000.0,2025-12
10527,2025-03-22,1023,Headphones,North,3,50000,0.2,UPI,Accessories,120000.0,2025-03
10528,2025-11-21,1010,Keyboard,East,5,1000,0.1,Debit Card,Accessories,4500.0,2025-11
10529,2025-03-10,1069,Smartphone,East,1,500,0.1,UPI,Electronics,450.0,2025-03
10530,2025-05-28,1100,Mouse,South,2,1000,0.05,Debit Card,Accessories,1900.0,2025-05
10531,2025-01-16,1034,Keyboard,North,4,500,0.05,Credit Card,Accessories,1900.0,2025-01
10532,2025-11-03,1180,Smartwatch,North,2,1000,0.2,UPI,Wearables,1600.0,2025-11
10533,2025-04-15,1138,Laptop,East,1,1500,0.1,UPI,Electronics,1350.0,2025-04
10534,2025-06-14,1147,Smartphone,North,2,10000,0.0,Credit Card,Electronics,20000.0,2025-06
10535,2025-07-20,1186,Mouse,North,1,1500,0.15,Debit Card,Accessories,1275.0,2025-07
10536,2025-07-16,1096,Smartwatch,North,3,1500,0.1,Net Banking,Wearables,4050.0,2025-07
10537,2025-07-04,1001,Headphones,East,4,10000,0.1,Credit Card,Accessories,36000.0,2025-07
10538,2025-11-18,1069,Mouse,South,1,10000,0.05,Net Banking,Accessories,9500.0,2025-11
10539,2025-09-22,1004,Tablet,West,2,5000,0.15,Net Banking,Electronics,8500.0,2025-09
10540,2025-12-29,1016,Smartwatch,South,4,50000,0.2,Credit Card,Wearables,160000.0,2025-12
10541,2025-04-10,1024,Smartwatch,West,3,50000,0.1,Debit Card,Wearables,135000.0,2025-04
10542,2025-12-08,1080,Laptop,North,4,5000,0.2,Net Banking,Electronics,16000.0,2025-12
10543,2025-11-16,1002,Smartphone,South,1,1500,0.1,Credit Card,Electronics,1350.0,2025-11
10544,2025-08-02,1128,Headphones,West,3,1500,0.2,UPI,Accessories,3600.0,2025-08
10545,2025-10-05,1160,Laptop,East,2,500,0.15,UPI,Electronics,850.0,2025-10
10546,2025-06-11,1084,Mouse,East,3,500,0.05,UPI,Accessories,1425.0,2025-06
10547,2025-06-06,1152,Laptop,South,3,50000,0.15,Credit Card,Electronics,127500.0,2025-06
10548,2025-09-08,1140,Smartwatch,South,5,5000,0.0,UPI,Wearables,25000.0,2025-09
10549,2025-04-07,1178,Smartphone,North,3,25000,0.05,Net Banking,Electronics,71250.0,2025-04
10550,2025-01-18,1163,Monitor,South,3,25000,0.15,UPI,Electronics,63750.0,2025-01
10551,2025-11-23,1124,Laptop,North,4,5000,0.0,UPI,Electronics,20000.0,2025-11
10552,2025-04-07,1033,Tablet,North,2,500,0.1,Net Banking,Electronics,900.0,2025-04
10553,2025-01-01,1161,Laptop,East,4,50000,0.1,UPI,Electronics,180000.0,2025-01
10554,2025-08-04,1189,Mouse,East,4,50000,0.2,Net Banking,Accessories,160000.0,2025-08
10555,2025-05-12,1179,Mouse,West,1,500,0.05,UPI,Accessories,475.0,2025-05
10556,2025-09-17,1171,Headphones,East,4,25000,0.1,Net Banking,Accessories,90000.0,2025-09
10557,2025-05-05,1101,Mouse,East,5,1000,0.05,UPI,Accessories,4750.0,2025-05
10558,2025-03-23,1012,Keyboard,South,5,1000,0.1,Net Banking,Accessories,4500.0,2025-03
10559,2025-10-10,1067,Smartphone,East,1,500,0.2,Credit Card,Electronics,400.0,2025-10
10560,2025-06-20,1065,Smartphone,West,2,1000,0.15,Net Banking,Electronics,1700.0,2025-06
10561,2025-02-28,1161,Monitor,South,2,10000,0.2,UPI,Electronics,16000.0,2025-02
10562,2025-02-01,1168,Monitor,West,4,5000,0.0,UPI,Electronics,20000.0,2025-02
10563,2025-06-10,1074,Smartphone,East,4,5000,0.1,Debit Card,Electronics,18000.0,2025-06
10564,2025-10-11,1043,Tablet,West,4,500,0.0,Net Banking,Electronics,2000.0,2025-10
10565,2025-04-16,1044,Monitor,South,2,1500,0.0,Credit Card,Electronics,3000.0,2025-04
10566,2025-04-15,1029,Headphones,North,3,25000,0.05,Net Banking,Accessories,71250.0,2025-04
10567,2025-08-16,1141,Mouse,West,5,500,0.1,Net Banking,Accessories,2250.0,2025-08
10568,2025-07-07,1012,Smartphone,West,3,1000,0.0,Credit Card,Electronics,3000.0,2025-07
10569,2025-03-11,1095,Smartwatch,South,3,25000,0.15,Net Banking,Wearables,63750.0,2025-03
10570,2025-11-14,1046,Monitor,South,2,1500,0.0,Credit Card,Electronics,3000.0,2025-11
10571,2025-10-17,1130,Smartphone,West,3,1000,0.15,Credit Card,Electronics,2550.0,2025-10
10572,2025-03-28,1035,Keyboard,East,1,50000,0.05,Net Banking,Accessories,47500.0,2025-03
10573,2025-12-28,1081,Laptop,West,4,10000,0.0,Net Banking,Electronics,40000.0,2025-12
10574,2025-02-25,1090,Mouse,South,1,1000,0.2,UPI,Accessories,800.0,2025-02
10575,2025-04-23,1008,Smartphone,North,5,10000,0.05,UPI,Electronics,47500.0,2025-04
10576,2025-01-13,1093,Laptop,North,4,25000,0.15,Debit Card,Electronics,85000.0,2025-01
10577,2025-01-18,1154,Monitor,East,3,10000,0.05,Debit Card,Electronics,28500.0,2025-01
10578,2025-07-01,1090,Laptop,West,5,25000,0.0,Net Banking,Electronics,125000.0,2025-07
10579,2025-04-23,1162,Mouse,North,4,25000,0.1,Credit Card,Accessories,90000.0,2025-04
10580,2025-08-17,1115,Smartphone,West,3,25000,0.1,Debit Card,Electronics,67500.0,2025-08
10581,2025-06-20,1105,Keyboard,South,1,25000,0.15,Net Banking,Accessories,21250.0,2025-06
10582,2025-10-22,1135,Tablet,North,4,25000,0.15,Debit Card,Electronics,85000.0,2025-10
10583,2025-07-08,1196,Monitor,East,3,1000,0.1,Credit Card,Electronics,2700.0,2025-07
10584,2025-03-20,1058,Smartphone,South,1,25000,0.15,Net Banking,Electronics,21250.0,2025-03
10585,2025-05-26,1114,Mouse,East,5,1000,0.05,Credit Card,Accessories,4750.0,2025-05
10586,2025-07-01,1075,Monitor,South,5,25000,0.2,Net Banking,Electronics,100000.0,2025-07
10587,2025-10-13,1157,Headphones,North,5,10000,0.2,Debit Card,Accessories,40000.0,2025-10
10588,2025-09-07,1120,Laptop,East,5,50000,0.05,UPI,Electronics,237500.0,2025-09
10589,2025-12-20,1164,Tablet,East,2,25000,0.2,Debit Card,Electronics,40000.0,2025-12
10590,2025-11-10,1021,Mouse,South,4,1500,0.0,Debit Card,Accessories,6000.0,2025-11
10591,2025-07-15,1164,Headphones,East,4,25000,0.05,UPI,Accessories,95000.0,2025-07
10592,2025-11-19,1138,Smartwatch,South,2,25000,0.15,UPI,Wearables,42500.0,2025-11
10593,2025-03-12,1101,Smartphone,South,3,10000,0.05,Net Banking,Electronics,28500.0,2025-03
10594,2025-09-05,1152,Keyboard,South,3,5000,0.1,Net Banking,Accessories,13500.0,2025-09
10595,2025-05-26,1192,Monitor,South,5,10000,0.15,Credit Card,Electronics,42500.0,2025-05
10596,2025-04-16,1177,Laptop,North,1,1500,0.1,Credit Card,Electronics,1350.0,2025-04
10597,2025-09-20,1099,Monitor,South,3,5000,0.15,Debit Card,Electronics,12750.0,2025-09
10598,2025-10-23,1036,Tablet,West,1,500,0.2,UPI,Electronics,400.0,2025-10
10599,2025-03-11,1096,Smartphone,East,4,500,0.05,Credit Card,Electronics,1900.0,2025-03
10600,2025-07-12,1152,Monitor,West,1,1500,0.0,Debit Card,Electronics,1500.0,2025-07
10601,2025-03-09,1151,Laptop,North,4,10000,0.15,UPI,Electronics,34000.0,2025-03
10602,2025-11-01,1190,Smartphone,West,2,1000,0.15,Net Banking,Electronics,1700.0,2025-11
10603,2025-02-21,1037,Monitor,East,2,1500,0.1,Debit Card,Electronics,2700.0,2025-02
10604,2025-12-29,1012,Keyboard,West,5,50000,0.2,Net Banking,Accessories,200000.0,2025-12
10605,2025-10-12,1113,Mouse,North,3,5000,0.1,Credit Card,Accessories,13500.0,2025-10
10606,2025-11-30,1183,Smartphone,South,5,5000,0.1,Credit Card,Electronics,22500.0,2025-11
10607,2025-01-09,1013,Mouse,West,4,25000,0.2,UPI,Accessories,80000.0,2025-01
10608,2025-09-08,1023,Smartwatch,North,5,500,0.0,Debit Card,Wearables,2500.0,2025-09
10609,2025-11-28,1099,Smartphone,North,1,5000,0.1,Net Banking,Electronics,4500.0,2025-11
10610,2025-10-25,1105,Keyboard,East,4,1500,0.1,UPI,Accessories,5400.0,2025-10
10611,2025-07-03,1030,Mouse,East,2,5000,0.15,Credit Card,Accessories,8500.0,2025-07
10612,2025-06-28,1017,Headphones,West,3,1500,0.2,Credit Card,Accessories,3600.0,2025-06
10613,2025-07-17,1113,Laptop,South,4,1000,0.05,Debit Card,Electronics,3800.0,2025-07
10614,2025-05-08,1062,Headphones,North,4,25000,0.0,Net Banking,Accessories,100000.0,2025-05
10615,2025-01-20,1084,Monitor,West,1,500,0.0,Debit Card,Electronics,500.0,2025-01
10616,2025-11-24,1112,Keyboard,North,3,5000,0.2,Net Banking,Accessories,12000.0,2025-11
10617,2025-03-06,1086,Headphones,North,2,1500,0.15,Net Banking,Accessories,2550.0,2025-03
10618,2025-07-01,1141,Smartphone,South,4,10000,0.15,Debit Card,Electronics,34000.0,2025-07
10619,2025-08-29,1187,Monitor,South,4,500,0.2,UPI,Electronics,1600.0,2025-08
10620,2025-01-24,1019,Monitor,West,1,1000,0.15,Debit Card,Electronics,850.0,2025-01
10621,2025-03-24,1177,Headphones,South,5,1500,0.0,Debit Card,Accessories,7500.0,2025-03
10622,2025-11-15,1100,Smartwatch,South,2,50000,0.0,Credit Card,Wearables,100000.0,2025-11
10623,2025-07-04,1140,Headphones,West,3,50000,0.05,Credit Card,Accessories,142500.0,2025-07
10624,2025-11-12,1189,Smartwatch,South,4,25000,0.2,Debit Card,Wearables,80000.0,2025-11
10625,2025-04-09,1147,Keyboard,East,4,25000,0.1,Debit Card,Accessories,90000.0,2025-04
10626,2025-03-03,1076,Laptop,North,2,1000,0.1,Credit Card,Electronics,1800.0,2025-03
10627,2025-10-13,1009,Headphones,North,5,1000,0.05,Net Banking,Accessories,4750.0,2025-10
10628,2025-01-22,1199,Tablet,North,4,25000,0.05,Debit Card,Electronics,95000.0,2025-01
10629,2025-07-31,1028,Smartwatch,North,2,5000,0.15,UPI,Wearables,8500.0,2025-07
10630,2025-05-06,1128,Headphones,West,1,5000,0.05,UPI,Accessories,4750.0,2025-05
10631,2025-02-11,1052,Mouse,North,5,1500,0.05,UPI,Accessories,7125.0,2025-02
10632,2025-04-08,1083,Smartphone,North,3,10000,0.1,Debit Card,Electronics,27000.0,2025-04
10633,2025-01-31,1111,Tablet,North,4,1500,0.15,Net Banking,Electronics,5100.0,2025-01
10634,2025-06-07,1144,Tablet,North,2,10000,0.05,Net Banking,Electronics,19000.0,2025-06
10635,2025-04-22,1117,Smartwatch,East,1,1000,0.05,Credit Card,Wearables,950.0,2025-04
10636,2025-09-04,1069,Mouse,North,3,500,0.15,Debit Card,Accessories,1275.0,2025-09
10637,2025-05-02,1099,Mouse,East,2,1500,0.2,Net Banking,Accessories,2400.0,2025-05
10638,2025-09-30,1140,Monitor,West,2,1500,0.15,Debit Card,Electronics,2550.0,2025-09
10639,2025-10-21,1025,Smartwatch,South,3,10000,0.1,Credit Card,Wearables,27000.0,2025-10
10640,2025-07-26,1180,Laptop,North,1,1000,0.2,Credit Card,Electronics,800.0,2025-07
10641,2025-04-20,1123,Smartphone,South,1,1000,0.0,Credit Card,Electronics,1000.0,2025-04
10642,2025-10-05,1053,Keyboard,South,5,50000,0.15,UPI,Accessories,212500.0,2025-10
10643,2025-02-25,1151,Tablet,West,4,10000,0.1,Debit Card,Electronics,36000.0,2025-02
10644,2025-02-26,1144,Keyboard,South,3,1000,0.2,Credit Card,Accessories,2400.0,2025-02
10645,2025-10-18,1057,Headphones,East,3,25000,0.15,Debit Card,Accessories,63750.0,2025-10
10646,2025-04-24,1039,Headphones,South,3,5000,0.05,UPI,Accessories,14250.0,2025-04
10647,2025-11-04,1109,Keyboard,South,1,50000,0.15,UPI,Accessories,42500.0,2025-11
10648,2025-12-07,1181,Headphones,South,4,25000,0.0,Credit Card,Accessories,100000.0,2025-12
10649,2025-07-17,1042,Laptop,North,5,500,0.15,Credit Card,Electronics,2125.0,2025-07
10650,2025-11-17,1186,Mouse,North,2,1500,0.2,Net Banking,Accessories,2400.0,2025-11
10651,2025-06-28,1167,Headphones,East,2,50000,0.2,Debit Card,Accessories,80000.0,2025-06
10652,2025-08-07,1142,Monitor,East,3,500,0.15,Credit Card,Electronics,1275.0,2025-08
10653,2025-10-04,1122,Headphones,North,4,1500,0.2,Net Banking,Accessories,4800.0,2025-10
10654,2025-01-16,1133,Smartphone,East,1,5000,0.05,Debit Card,Electronics,4750.0,2025-01
10655,2025-03-02,1163,Laptop,North,4,1000,0.15,Credit Card,Electronics,3400.0,2025-03
10656,2025-02-23,1075,Smartphone,West,4,25000,0.05,Net Banking,Electronics,95000.0,2025-02
10657,2025-06-17,1146,Smartphone,South,1,10000,0.05,Net Banking,Electronics,9500.0,2025-06
10658,2025-01-26,1076,Monitor,South,3,25000,0.1,Debit Card,Electronics,67500.0,2025-01
10659,2025-12-02,1009,Laptop,East,4,5000,0.15,Net Banking,Electronics,17000.0,2025-12
10660,2025-03-06,1074,Laptop,North,2,500,0.2,Debit Card,Electronics,800.0,2025-03
10661,2025-04-10,1186,Smartwatch,North,1,10000,0.05,Debit Card,Wearables,9500.0,2025-04
10662,2025-03-15,1145,Laptop,East,5,1000,0.1,Debit Card,Electronics,4500.0,2025-03
10663,2025-07-11,1007,Laptop,North,3,5000,0.15,UPI,Electronics,12750.0,2025-07
10664,2025-06-20,1174,Laptop,West,1,10000,0.15,Net Banking,Electronics,8500.0,2025-06
10665,2025-09-30,1141,Monitor,South,5,5000,0.0,Debit Card,Electronics,25000.0,2025-09
10666,2025-07-06,1168,Headphones,East,5,5000,0.0,Credit Card,Accessories,25000.0,2025-07
10667,2025-01-23,1170,Smartwatch,East,4,1000,0.05,UPI,Wearables,3800.0,2025-01
10668,2025-06-30,1137,Smartphone,North,4,50000,0.0,UPI,Electronics,200000.0,2025-06
10669,2025-11-23,1178,Laptop,East,4,1500,0.05,Net Banking,Electronics,5700.0,2025-11
10670,2025-04-18,1027,Tablet,West,1,10000,0.2,Debit Card,Electronics,8000.0,2025-04
10671,2025-12-01,1122,Headphones,North,1,1000,0.05,Net Banking,Accessories,950.0,2025-12
10672,2025-06-11,1194,Headphones,North,3,5000,0.0,UPI,Accessories,15000.0,2025-06
10673,2025-10-29,1005,Smartphone,North,4,1000,0.2,Debit Card,Electronics,3200.0,2025-10
10674,2025-07-25,1029,Monitor,North,5,50000,0.0,Credit Card,Electronics,250000.0,2025-07
10675,2025-03-19,1165,Keyboard,West,2,1500,0.05,Debit Card,Accessories,2850.0,2025-03
10676,2025-01-16,1166,Keyboard,North,3,25000,0.1,UPI,Accessories,67500.0,2025-01
10677,2025-11-23,1083,Headphones,East,1,10000,0.15,Credit Card,Accessories,8500.0,2025-11
10678,2025-04-06,1136,Mouse,West,3,1500,0.0,Debit Card,Accessories,4500.0,2025-04
10679,2025-05-27,1109,Mouse,South,3,500,0.05,Credit Card,Accessories,1425.0,2025-05
10680,2025-01-02,1065,Smartphone,South,3,10000,0.2,Credit Card,Electronics,24000.0,2025-01
10681,2025-01-10,1086,Keyboard,East,3,1500,0.0,UPI,Accessories,4500.0,2025-01
10682,2025-05-05,1145,Headphones,East,2,5000,0.0,Credit Card,Accessories,10000.0,2025-05
10683,2025-03-22,1071,Monitor,West,4,10000,0.15,Net Banking,Electronics,34000.0,2025-03
10684,2025-05-20,1045,Keyboard,South,5,10000,0.05,UPI,Accessories,47500.0,2025-05
10685,2025-11-22,1132,Headphones,South,3,1000,0.1,Net Banking,Accessories,2700.0,2025-11
10686,2025-05-30,1036,Headphones,South,3,5000,0.2,Credit Card,Accessories,12000.0,2025-05
10687,2025-10-15,1070,Laptop,South,3,500,0.05,Net Banking,Electronics,1425.0,2025-10
10688,2025-12-27,1159,Monitor,South,4,25000,0.2,Debit Card,Electronics,80000.0,2025-12
10689,2025-12-06,1019,Laptop,North,1,50000,0.0,Credit Card,Electronics,50000.0,2025-12
10690,2025-05-09,1189,Smartphone,East,1,1500,0.15,Debit Card,Electronics,1275.0,2025-05
10691,2025-08-27,1108,Laptop,North,2,1000,0.15,Net Banking,Electronics,1700.0,2025-08
10692,2025-02-27,1182,Tablet,South,1,1500,0.1,Debit Card,Electronics,1350.0,2025-02
10693,2025-07-17,1167,Laptop,West,3,500,0.15,Credit Card,Electronics,1275.0,2025-07
10694,2025-07-30,1091,Tablet,West,3,500,0.0,Debit Card,Electronics,1500.0,2025-07
10695,2025-02-14,1090,Keyboard,South,3,10000,0.1,Net Banking,Accessories,27000.0,2025-02
10696,2025-04-07,1019,Mouse,South,2,50000,0.05,Net Banking,Accessories,95000.0,2025-04
10697,2025-10-06,1039,Smartwatch,West,3,500,0.15,Net Banking,Wearables,1275.0,2025-10
10698,2025-01-23,1126,Smartwatch,North,1,1500,0.1,Credit Card,Wearables,1350.0,2025-01
10699,2025-12-01,1195,Headphones,North,4,5000,0.0,Net Banking,Accessories,20000.0,2025-12
10700,2025-02-13,1173,Smartwatch,South,4,5000,0.2,Credit Card,Wearables,16000.0,2025-02
10701,2025-01-27,1141,Tablet,North,5,10000,0.2,Debit Card,Electronics,40000.0,2025-01
10702,2025-10-09,1126,Monitor,West,1,25000,0.0,Net Banking,Electronics,25000.0,2025-10
10703,2025-04-07,1058,Laptop,North,3,1500,0.0,Debit Card,Electronics,4500.0,2025-04
10704,2025-02-05,1148,Tablet,South,4,1500,0.2,UPI,Electronics,4800.0,2025-02
10705,2025-04-19,1200,Monitor,West,1,500,0.1,Debit Card,Electronics,450.0,2025-04
10706,2025-02-24,1061,Mouse,North,4,50000,0.2,UPI,Accessories,160000.0,2025-02
10707,2025-07-11,1127,Smartwatch,East,3,1500,0.0,Debit Card,Wearables,4500.0,2025-07
10708,2025-08-07,1105,Mouse,West,4,1000,0.15,Credit Card,Accessories,3400.0,2025-08
10709,2025-07-04,1167,Smartwatch,West,5,25000,0.05,Debit Card,Wearables,118750.0,2025-07
10710,2025-03-10,1001,Laptop,East,5,500,0.15,Credit Card,Electronics,2125.0,2025-03
10711,2025-11-13,1131,Smartphone,East,4,1000,0.15,Credit Card,Electronics,3400.0,2025-11
10712,2025-05-10,1092,Laptop,West,1,10000,0.0,Net Banking,Electronics,10000.0,2025-05
10713,2025-02-24,1190,Keyboard,East,1,5000,0.2,Credit Card,Accessories,4000.0,2025-02
10714,2025-04-07,1191,Tablet,South,1,10000,0.1,UPI,Electronics,9000.0,2025-04
10715,2025-12-02,1113,Headphones,South,4,5000,0.15,Net Banking,Accessories,17000.0,2025-12
10716,2025-03-28,1153,Smartphone,South,1,10000,0.2,Net Banking,Electronics,8000.0,2025-03
10717,2025-10-21,1056,Laptop,West,3,1500,0.1,Debit Card,Electronics,4050.0,2025-10
10718,2025-04-29,1161,Monitor,East,5,1000,0.15,Credit Card,Electronics,4250.0,2025-04
10719,2025-07-27,1166,Smartphone,East,3,5000,0.1,Credit Card,Electronics,13500.0,2025-07
10720,2025-11-30,1117,Tablet,North,1,500,0.2,UPI,Electronics,400.0,2025-11
10721,2025-06-03,1134,Smartwatch,North,3,1000,0.05,Debit Card,Wearables,2850.0,2025-06
10722,2025-02-04,1058,Smartphone,East,1,500,0.2,Debit Card,Electronics,400.0,2025-02
10723,2025-03-20,1044,Smartwatch,East,4,1000,0.0,Net Banking,Wearables,4000.0,2025-03
10724,2025-03-08,1173,Tablet,East,3,1000,0.1,Net Banking,Electronics,2700.0,2025-03
10725,2025-12-09,1160,Laptop,West,4,10000,0.05,Net Banking,Electronics,38000.0,2025-12
10726,2025-02-03,1173,Tablet,East,4,5000,0.1,UPI,Electronics,18000.0,2025-02
10727,2025-04-07,1061,Smartphone,North,2,5000,0.1,UPI,Electronics,9000.0,2025-04
10728,2025-06-18,1047,Monitor,West,1,50000,0.15,Net Banking,Electronics,42500.0,2025-06
10729,2025-06-18,1149,Mouse,East,5,1000,0.0,Debit Card,Accessories,5000.0,2025-06
10730,2025-05-31,1080,Smartphone,North,1,1500,0.1,UPI,Electronics,1350.0,2025-05
10731,2025-03-12,1118,Tablet,West,5,1500,0.2,Debit Card,Electronics,6000.0,2025-03
10732,2025-01-03,1164,Mouse,East,1,500,0.2,Debit Card,Accessories,400.0,2025-01
10733,2025-11-10,1147,Tablet,East,4,500,0.15,Credit Card,Electronics,1700.0,2025-11
10734,2025-02-01,1020,Monitor,East,3,10000,0.0,Net Banking,Electronics,30000.0,2025-02
10735,2025-10-14,1185,Tablet,West,3,1000,0.0,Credit Card,Electronics,3000.0,2025-10
10736,2025-03-23,1146,Laptop,North,2,500,0.2,Net Banking,Electronics,800.0,2025-03
10737,2025-02-12,1047,Headphones,North,5,500,0.05,Net Banking,Accessories,2375.0,2025-02
10738,2025-04-15,1049,Smartwatch,South,5,25000,0.15,Debit Card,Wearables,106250.0,2025-04
10739,2025-01-01,1014,Smartwatch,East,5,1000,0.15,Net Banking,Wearables,4250.0,2025-01
10740,2025-03-02,1143,Smartphone,South,4,10000,0.2,Debit Card,Electronics,32000.0,2025-03
10741,2025-09-27,1159,Headphones,South,5,500,0.2,Debit Card,Accessories,2000.0,2025-09
10742,2025-06-29,1001,Tablet,North,3,10000,0.05,Net Banking,Electronics,28500.0,2025-06
10743,2025-08-12,1117,Monitor,West,4,5000,0.05,Debit Card,Electronics,19000.0,2025-08
10744,2025-01-06,1054,Smartphone,West,1,10000,0.0,Debit Card,Electronics,10000.0,2025-01
10745,2025-04-13,1118,Tablet,North,5,1500,0.15,Debit Card,Electronics,6375.0,2025-04
10746,2025-01-10,1003,Mouse,West,5,1500,0.15,UPI,Accessories,6375.0,2025-01
10747,2025-03-12,1144,Keyboard,South,1,10000,0.2,Debit Card,Accessories,8000.0,2025-03
10748,2025-03-31,1185,Tablet,East,5,1500,0.0,UPI,Electronics,7500.0,2025-03
10749,2025-08-14,1012,Headphones,North,1,5000,0.15,UPI,Accessories,4250.0,2025-08
10750,2025-06-07,1074,Smartphone,East,4,1000,0.0,Debit Card,Electronics,4000.0,2025-06
10751,2025-08-16,1016,Headphones,West,3,1500,0.0,Debit Card,Accessories,4500.0,2025-08
10752,2025-05-06,1200,Smartphone,East,1,1500,0.2,UPI,Electronics,1200.0,2025-05
10753,2025-07-28,1102,Tablet,West,2,10000,0.0,UPI,Electronics,20000.0,2025-07
10754,2025-04-07,1152,Laptop,West,1,5000,0.05,Debit Card,Electronics,4750.0,2025-04
10755,2025-03-15,1156,Mouse,South,5,50000,0.05,Debit Card,Accessories,237500.0,2025-03
10756,2025-04-25,1117,Tablet,West,4,50000,0.1,Net Banking,Electronics,180000.0,2025-04
10757,2025-07-10,1008,Smartwatch,South,4,50000,0.2,UPI,Wearables,160000.0,2025-07
10758,2025-06-19,1122,Headphones,South,1,50000,0.1,UPI,Accessories,45000.0,2025-06
10759,2025-11-03,1092,Keyboard,South,3,1000,0.05,Net Banking,Accessories,2850.0,2025-11
10760,2025-07-23,1164,Keyboard,North,2,10000,0.1,UPI,Accessories,18000.0,2025-07
10761,2025-02-25,1090,Monitor,North,4,10000,0.2,Credit Card,Electronics,32000.0,2025-02
10762,2025-07-27,1136,Smartphone,West,5,25000,0.2,UPI,Electronics,100000.0,2025-07
10763,2025-02-10,1186,Headphones,South,5,5000,0.0,Net Banking,Accessories,25000.0,2025-02
10764,2025-02-01,1060,Monitor,North,3,50000,0.15,Credit Card,Electronics,127500.0,2025-02
10765,2025-01-15,1178,Headphones,South,4,1000,0.0,Debit Card,Accessories,4000.0,2025-01
10766,2025-03-03,1028,Smartwatch,East,1,5000,0.2,Net Banking,Wearables,4000.0,2025-03
10767,2025-06-04,1101,Smartphone,East,5,50000,0.05,Net Banking,Electronics,237500.0,2025-06
10768,2025-10-11,1041,Tablet,East,3,1000,0.05,Debit Card,Electronics,2850.0,2025-10
10769,2025-07-28,1192,Tablet,West,4,5000,0.0,Net Banking,Electronics,20000.0,2025-07
10770,2025-11-16,1155,Keyboard,South,4,10000,0.2,UPI,Accessories,32000.0,2025-11
10771,2025-07-06,1191,Tablet,East,4,10000,0.05,Debit Card,Electronics,38000.0,2025-07
10772,2025-05-10,1145,Tablet,North,4,500,0.2,Net Banking,Electronics,1600.0,2025-05
10773,2025-05-07,1161,Smartwatch,East,4,1500,0.05,Debit Card,Wearables,5700.0,2025-05
10774,2025-10-19,1157,Laptop,East,5,50000,0.2,Debit Card,Electronics,200000.0,2025-10
10775,2025-04-24,1141,Keyboard,East,3,25000,0.1,Debit Card,Accessories,67500.0,2025-04
10776,2025-07-18,1046,Monitor,West,4,5000,0.2,Credit Card,Electronics,16000.0,2025-07
10777,2025-01-13,1035,Mouse,North,2,25000,0.2,Net Banking,Accessories,40000.0,2025-01
10778,2025-09-28,1134,Laptop,South,2,500,0.0,Credit Card,Electronics,1000.0,2025-09
10779,2025-03-30,1082,Monitor,North,3,1500,0.1,Net Banking,Electronics,4050.0,2025-03
10780,2025-08-03,1115,Smartphone,South,1,5000,0.15,UPI,Electronics,4250.0,2025-08
10781,2025-10-05,1197,Laptop,West,1,1000,0.0,UPI,Electronics,1000.0,2025-10
10782,2025-07-22,1047,Smartwatch,West,1,50000,0.15,UPI,Wearables,42500.0,2025-07
10783,2025-03-15,1153,Monitor,West,2,1500,0.05,Net Banking,Electronics,2850.0,2025-03
10784,2025-01-25,1194,Smartphone,West,1,10000,0.15,Debit Card,Electronics,8500.0,2025-01
10785,2025-04-11,1010,Keyboard,South,5,500,0.2,Debit Card,Accessories,2000.0,2025-04
10786,2025-06-25,1056,Mouse,East,4,1500,0.15,Credit Card,Accessories,5100.0,2025-06
10787,2025-04-27,1030,Smartphone,South,2,50000,0.0,Credit Card,Electronics,100000.0,2025-04
10788,2025-06-15,1109,Tablet,North,3,1500,0.0,UPI,Electronics,4500.0,2025-06
10789,2025-02-10,1005,Headphones,West,3,50000,0.15,Credit Card,Accessories,127500.0,2025-02
10790,2025-12-10,1119,Smartphone,West,4,10000,0.0,Net Banking,Electronics,40000.0,2025-12
10791,2025-04-30,1033,Smartphone,North,2,5000,0.0,Net Banking,Electronics,10000.0,2025-04
10792,2025-04-07,1118,Mouse,South,1,1000,0.15,Credit Card,Accessories,850.0,2025-04
10793,2025-05-25,1065,Headphones,East,1,10000,0.1,Credit Card,Accessories,9000.0,2025-05
10794,2025-08-04,1146,Tablet,East,5,1000,0.1,Credit Card,Electronics,4500.0,2025-08
10795,2025-08-17,1177,Monitor,North,5,5000,0.05,Credit Card,Electronics,23750.0,2025-08
10796,2025-11-09,1011,Monitor,East,1,1500,0.0,UPI,Electronics,1500.0,2025-11
10797,2025-05-10,1085,Smartphone,South,3,1000,0.15,UPI,Electronics,2550.0,2025-05
10798,2025-12-18,1026,Smartwatch,South,3,500,0.0,Credit Card,Wearables,1500.0,2025-12
10799,2025-11-14,1063,Smartwatch,North,5,500,0.2,Net Banking,Wearables,2000.0,2025-11
10800,2025-05-17,1086,Headphones,South,4,50000,0.0,UPI,Accessories,200000.0,2025-05
10801,2025-11-20,1059,Headphones,West,1,10000,0.0,Net Banking,Accessories,10000.0,2025-11
10802,2025-12-03,1027,Tablet,North,5,5000,0.1,Debit Card,Electronics,22500.0,2025-12
10803,2025-09-30,1177,Mouse,South,5,50000,0.15,Net Banking,Accessories,212500.0,2025-09
10804,2025-04-27,1161,Keyboard,North,1,10000,0.0,Credit Card,Accessories,10000.0,2025-04
10805,2025-11-02,1098,Monitor,East,1,10000,0.1,Debit Card,Electronics,9000.0,2025-11
10806,2025-04-04,1105,Mouse,South,3,50000,0.05,UPI,Accessories,142500.0,2025-04
10807,2025-06-17,1099,Laptop,West,4,25000,0.1,UPI,Electronics,90000.0,2025-06
10808,2025-07-22,1129,Monitor,South,4,10000,0.1,Debit Card,Electronics,36000.0,2025-07
10809,2025-12-07,1149,Mouse,North,1,25000,0.1,Net Banking,Accessories,22500.0,2025-12
10810,2025-05-29,1055,Monitor,North,2,500,0.0,UPI,Electronics,1000.0,2025-05
10811,2025-07-02,1006,Keyboard,South,5,500,0.0,Credit Card,Accessories,2500.0,2025-07
10812,2025-06-01,1197,Laptop,West,5,10000,0.05,Debit Card,Electronics,47500.0,2025-06
10813,2025-03-15,1095,Smartwatch,West,1,500,0.2,Credit Card,Wearables,400.0,2025-03
10814,2025-12-31,1133,Smartwatch,West,2,5000,0.2,Debit Card,Wearables,8000.0,2025-12
10815,2025-10-01,1102,Keyboard,North,3,25000,0.2,UPI,Accessories,60000.0,2025-10
10816,2025-02-11,1003,Tablet,South,1,25000,0.05,Net Banking,Electronics,23750.0,2025-02
10817,2025-07-31,1181,Laptop,East,1,10000,0.2,Debit Card,Electronics,8000.0,2025-07
10818,2025-04-11,1023,Smartphone,North,5,500,0.2,Debit Card,Electronics,2000.0,2025-04
10819,2025-02-14,1053,Mouse,West,1,1000,0.1,Credit Card,Accessories,900.0,2025-02
10820,2025-03-23,1165,Laptop,South,1,50000,0.0,UPI,Electronics,50000.0,2025-03
10821,2025-01-17,1083,Tablet,West,1,50000,0.0,Credit Card,Electronics,50000.0,2025-01
10822,2025-03-14,1145,Tablet,East,5,25000,0.1,UPI,Electronics,112500.0,2025-03
10823,2025-01-14,1085,Keyboard,West,3,10000,0.1,Credit Card,Accessories,27000.0,2025-01
10824,2025-06-06,1078,Monitor,West,3,10000,0.1,Debit Card,Electronics,27000.0,2025-06
10825,2025-08-11,1110,Laptop,East,1,5000,0.0,Credit Card,Electronics,5000.0,2025-08
10826,2025-05-12,1001,Mouse,South,5,1500,0.2,Net Banking,Accessories,6000.0,2025-05
10827,2025-12-04,1051,Laptop,North,3,1500,0.1,UPI,Electronics,4050.0,2025-12
10828,2025-02-16,1173,Headphones,South,3,25000,0.05,UPI,Accessories,71250.0,2025-02
10829,2025-04-17,1004,Monitor,East,3,50000,0.1,Debit Card,Electronics,135000.0,2025-04
10830,2025-04-18,1190,Mouse,West,5,5000,0.15,UPI,Accessories,21250.0,2025-04
10831,2025-09-22,1193,Smartwatch,South,5,5000,0.1,Net Banking,Wearables,22500.0,2025-09
10832,2025-07-24,1113,Mouse,North,1,5000,0.0,Credit Card,Accessories,5000.0,2025-07
10833,2025-03-20,1032,Smartphone,East,4,25000,0.1,Debit Card,Electronics,90000.0,2025-03
10834,2025-06-04,1034,Keyboard,South,3,1500,0.15,Net Banking,Accessories,3825.0,2025-06
10835,2025-09-28,1092,Smartphone,North,4,50000,0.05,UPI,Electronics,190000.0,2025-09
10836,2025-09-04,1095,Mouse,East,5,5000,0.2,UPI,Accessories,20000.0,2025-09
10837,2025-01-19,1072,Monitor,North,5,50000,0.1,Net Banking,Electronics,225000.0,2025-01
10838,2025-12-12,1039,Laptop,East,5,500,0.15,Credit Card,Electronics,2125.0,2025-12
10839,2025-01-26,1154,Smartwatch,West,4,10000,0.15,Credit Card,Wearables,34000.0,2025-01
10840,2025-08-05,1162,Laptop,South,5,10000,0.05,Debit Card,Electronics,47500.0,2025-08
10841,2025-06-03,1182,Monitor,North,1,50000,0.0,UPI,Electronics,50000.0,2025-06
10842,2025-06-03,1118,Mouse,East,5,1000,0.1,Net Banking,Accessories,4500.0,2025-06
10843,2025-06-23,1003,Tablet,North,2,1000,0.15,Credit Card,Electronics,1700.0,2025-06
10844,2025-04-02,1123,Laptop,North,4,25000,0.05,Debit Card,Electronics,95000.0,2025-04
10845,2025-12-04,1050,Tablet,South,2,25000,0.2,UPI,Electronics,40000.0,2025-12
10846,2025-06-30,1012,Laptop,West,5,10000,0.15,UPI,Electronics,42500.0,2025-06
10847,2025-05-11,1193,Laptop,North,1,500,0.05,Debit Card,Electronics,475.0,2025-05
10848,2025-10-25,1054,Smartwatch,East,3,1500,0.0,Debit Card,Wearables,4500.0,2025-10
10849,2025-10-02,1133,Keyboard,East,5,1500,0.0,Credit Card,Accessories,7500.0,2025-10
10850,2025-09-30,1057,Keyboard,West,1,25000,0.15,Net Banking,Accessories,21250.0,2025-09
10851,2025-03-17,1145,Headphones,East,4,500,0.15,UPI,Accessories,1700.0,2025-03
10852,2025-06-26,1112,Smartphone,West,2,25000,0.1,Net Banking,Electronics,45000.0,2025-06
10853,2025-07-03,1047,Monitor,East,2,1500,0.05,UPI,Electronics,2850.0,2025-07
10854,2025-11-15,1151,Monitor,South,2,50000,0.15,UPI,Electronics,85000.0,2025-11
10855,2025-05-11,1085,Monitor,North,4,25000,0.1,Net Banking,Electronics,90000.0,2025-05
10856,2025-12-29,1142,Headphones,South,1,5000,0.1,Debit Card,Accessories,4500.0,2025-12
10857,2025-02-18,1066,Keyboard,North,4,50000,0.15,Credit Card,Accessories,170000.0,2025-02
10858,2025-02-24,1075,Mouse,North,2,25000,0.0,UPI,Accessories,50000.0,2025-02
10859,2025-06-03,1179,Tablet,North,5,10000,0.05,Debit Card,Electronics,47500.0,2025-06
10860,2025-12-21,1103,Smartwatch,South,3,25000,0.05,UPI,Wearables,71250.0,2025-12
10861,2025-07-19,1166,Tablet,North,4,10000,0.0,Credit Card,Electronics,40000.0,2025-07
10862,2025-11-04,1192,Mouse,South,4,500,0.15,UPI,Accessories,1700.0,2025-11
10863,2025-12-22,1038,Smartwatch,West,1,1500,0.05,Credit Card,Wearables,1425.0,2025-12
10864,2025-04-28,1050,Headphones,East,1,50000,0.15,Credit Card,Accessories,42500.0,2025-04
10865,2025-09-20,1098,Mouse,East,4,50000,0.15,UPI,Accessories,170000.0,2025-09
10866,2025-02-15,1082,Monitor,North,2,1000,0.1,UPI,Electronics,1800.0,2025-02
10867,2025-10-29,1030,Smartphone,South,3,1000,0.0,Credit Card,Electronics,3000.0,2025-10
10868,2025-12-22,1079,Laptop,East,1,1500,0.15,Debit Card,Electronics,1275.0,2025-12
10869,2025-07-08,1091,Tablet,South,2,1000,0.2,Net Banking,Electronics,1600.0,2025-07
10870,2025-11-06,1179,Keyboard,South,5,50000,0.0,Credit Card,Accessories,250000.0,2025-11
10871,2025-11-14,1191,Keyboard,North,1,25000,0.05,UPI,Accessories,23750.0,2025-11
10872,2025-05-09,1052,Headphones,East,2,500,0.1,UPI,Accessories,900.0,2025-05
10873,2025-02-18,1166,Smartwatch,North,2,500,0.05,Debit Card,Wearables,950.0,2025-02
10874,2025-01-25,1079,Keyboard,North,3,1500,0.05,Net Banking,Accessories,4275.0,2025-01
10875,2025-09-23,1030,Monitor,East,3,1000,0.0,Credit Card,Electronics,3000.0,2025-09
10876,2025-04-28,1106,Tablet,East,5,25000,0.05,Credit Card,Electronics,118750.0,2025-04
10877,2025-05-24,1051,Mouse,West,2,500,0.15,Net Banking,Accessories,850.0,2025-05
10878,2025-07-19,1081,Monitor,West,2,500,0.05,Credit Card,Electronics,950.0,2025-07
10879,2025-06-06,1133,Headphones,South,3,5000,0.1,Net Banking,Accessories,13500.0,2025-06
10880,2025-12-14,1029,Monitor,East,1,5000,0.1,UPI,Electronics,4500.0,2025-12
10881,2025-05-14,1132,Mouse,West,1,50000,0.2,Net Banking,Accessories,40000.0,2025-05
10882,2025-05-28,1138,Smartphone,South,4,500,0.1,Credit Card,Electronics,1800.0,2025-05
10883,2025-12-02,1184,Headphones,South,3,1500,0.05,Net Banking,Accessories,4275.0,2025-12
10884,2025-03-12,1145,Smartphone,South,4,10000,0.1,Debit Card,Electronics,36000.0,2025-03
10885,2025-08-21,1074,Laptop,West,3,10000,0.0,UPI,Electronics,30000.0,2025-08
10886,2025-11-30,1017,Smartphone,East,5,25000,0.1,UPI,Electronics,112500.0,2025-11
10887,2025-10-26,1084,Laptop,North,2,500,0.15,Net Banking,Electronics,850.0,2025-10
10888,2025-06-03,1069,Laptop,South,5,500,0.0,Credit Card,Electronics,2500.0,2025-06
10889,2025-03-31,1034,Smartphone,West,3,50000,0.2,Debit Card,Electronics,120000.0,2025-03
10890,2025-11-30,1006,Headphones,West,2,500,0.15,UPI,Accessories,850.0,2025-11
10891,2025-07-18,1053,Smartwatch,North,1,1500,0.05,UPI,Wearables,1425.0,2025-07
10892,2025-06-10,1194,Mouse,North,1,5000,0.05,Credit Card,Accessories,4750.0,2025-06
10893,2025-01-26,1126,Monitor,West,4,500,0.05,Credit Card,Electronics,1900.0,2025-01
10894,2025-05-01,1043,Monitor,East,3,500,0.15,Debit Card,Electronics,1275.0,2025-05
10895,2025-10-28,1115,Mouse,North,3,50000,0.15,Net Banking,Accessories,127500.0,2025-10
10896,2025-07-31,1111,Tablet,West,1,1000,0.15,Credit Card,Electronics,850.0,2025-07
10897,2025-03-04,1151,Tablet,North,5,50000,0.0,Net Banking,Electronics,250000.0,2025-03
10898,2025-03-09,1183,Laptop,East,2,50000,0.0,Debit Card,Electronics,100000.0,2025-03
10899,2025-09-10,1080,Laptop,South,5,1500,0.05,Net Banking,Electronics,7125.0,2025-09
10900,2025-01-02,1095,Headphones,North,5,25000,0.1,UPI,Accessories,112500.0,2025-01
10901,2025-04-18,1118,Keyboard,East,1,500,0.05,Net Banking,Accessories,475.0,2025-04
10902,2025-10-13,1144,Smartphone,West,1,50000,0.2,Debit Card,Electronics,40000.0,2025-10
10903,2025-02-18,1008,Laptop,North,1,50000,0.0,Debit Card,Electronics,50000.0,2025-02
10904,2025-05-20,1132,Monitor,North,4,1000,0.15,Debit Card,Electronics,3400.0,2025-05
10905,2025-08-06,1104,Headphones,West,5,50000,0.0,Net Banking,Accessories,250000.0,2025-08
10906,2025-02-13,1132,Smartphone,South,3,10000,0.15,UPI,Electronics,25500.0,2025-02
10907,2025-09-26,1184,Headphones,West,2,25000,0.2,Credit Card,Accessories,40000.0,2025-09
10908,2025-03-19,1025,Smartphone,North,4,500,0.2,UPI,Electronics,1600.0,2025-03
10909,2025-08-04,1195,Smartphone,West,3,500,0.0,Net Banking,Electronics,1500.0,2025-08
10910,2025-04-08,1096,Mouse,East,5,1000,0.15,Net Banking,Accessories,4250.0,2025-04
10911,2025-08-24,1195,Laptop,West,1,1500,0.2,Credit Card,Electronics,1200.0,2025-08
10912,2025-10-09,1155,Smartwatch,North,5,500,0.05,Net Banking,Wearables,2375.0,2025-10
10913,2025-05-29,1093,Headphones,West,2,10000,0.05,Debit Card,Accessories,19000.0,2025-05
10914,2025-10-31,1160,Smartwatch,South,4,500,0.15,Debit Card,Wearables,1700.0,2025-10
10915,2025-03-07,1178,Headphones,West,4,10000,0.0,Debit Card,Accessories,40000.0,2025-03
10916,2025-08-22,1061,Mouse,South,2,25000,0.2,Debit Card,Accessories,40000.0,2025-08
10917,2025-03-28,1122,Monitor,East,3,25000,0.0,Debit Card,Electronics,75000.0,2025-03
10918,2025-03-20,1051,Smartwatch,South,3,5000,0.05,Net Banking,Wearables,14250.0,2025-03
10919,2025-07-24,1147,Monitor,West,4,5000,0.2,Credit Card,Electronics,16000.0,2025-07
10920,2025-10-06,1021,Tablet,North,4,10000,0.0,Credit Card,Electronics,40000.0,2025-10
10921,2025-12-03,1005,Laptop,South,1,1500,0.1,Debit Card,Electronics,1350.0,2025-12
10922,2025-09-11,1092,Laptop,East,3,500,0.15,Net Banking,Electronics,1275.0,2025-09
10923,2025-10-31,1170,Keyboard,South,2,50000,0.15,UPI,Accessories,85000.0,2025-10
10924,2025-05-10,1061,Mouse,South,3,500,0.1,UPI,Accessories,1350.0,2025-05
10925,2025-03-25,1022,Monitor,South,1,5000,0.05,Net Banking,Electronics,4750.0,2025-03
10926,2025-10-03,1149,Smartphone,East,4,50000,0.2,Debit Card,Electronics,160000.0,2025-10
10927,2025-07-06,1070,Headphones,West,4,10000,0.15,Credit Card,Accessories,34000.0,2025-07
10928,2025-02-15,1001,Laptop,South,1,50000,0.1,Net Banking,Electronics,45000.0,2025-02
10929,2025-07-02,1133,Smartwatch,South,2,500,0.1,UPI,Wearables,900.0,2025-07
10930,2025-09-25,1012,Headphones,North,4,500,0.05,UPI,Accessories,1900.0,2025-09
10931,2025-10-23,1090,Headphones,East,5,1500,0.05,UPI,Accessories,7125.0,2025-10
10932,2025-11-18,1046,Keyboard,South,4,1000,0.0,Debit Card,Accessories,4000.0,2025-11
10933,2025-04-10,1034,Monitor,East,5,50000,0.15,UPI,Electronics,212500.0,2025-04
10934,2025-03-19,1177,Laptop,South,1,5000,0.0,Net Banking,Electronics,5000.0,2025-03
10935,2025-09-29,1078,Headphones,West,1,5000,0.1,Net Banking,Accessories,4500.0,2025-09
10936,2025-12-05,1045,Laptop,West,4,1000,0.2,UPI,Electronics,3200.0,2025-12
10937,2025-06-11,1155,Smartphone,South,3,500,0.2,Net Banking,Electronics,1200.0,2025-06
10938,2025-02-13,1073,Keyboard,West,5,1500,0.05,UPI,Accessories,7125.0,2025-02
10939,2025-08-26,1026,Smartphone,South,2,1500,0.2,UPI,Electronics,2400.0,2025-08
10940,2025-05-14,1047,Laptop,West,4,5000,0.2,Credit Card,Electronics,16000.0,2025-05
10941,2025-07-11,1121,Tablet,North,2,1500,0.2,Debit Card,Electronics,2400.0,2025-07
10942,2025-12-22,1056,Smartwatch,North,4,25000,0.1,Debit Card,Wearables,90000.0,2025-12
10943,2025-10-05,1094,Laptop,North,3,1000,0.2,Credit Card,Electronics,2400.0,2025-10
10944,2025-01-18,1107,Monitor,East,3,500,0.2,Credit Card,Electronics,1200.0,2025-01
10945,2025-01-12,1063,Headphones,East,3,25000,0.2,Debit Card,Accessories,60000.0,2025-01
10946,2025-06-29,1048,Headphones,North,3,1000,0.0,UPI,Accessories,3000.0,2025-06
10947,2025-05-03,1061,Smartphone,East,1,10000,0.1,UPI,Electronics,9000.0,2025-05
10948,2025-09-03,1081,Smartwatch,West,1,50000,0.05,Debit Card,Wearables,47500.0,2025-09
10949,2025-08-10,1026,Keyboard,South,5,5000,0.0,UPI,Accessories,25000.0,2025-08
10950,2025-02-20,1036,Tablet,South,2,1500,0.15,Credit Card,Electronics,2550.0,2025-02
10951,2025-03-12,1001,Mouse,South,4,10000,0.1,UPI,Accessories,36000.0,2025-03
10952,2025-02-17,1008,Smartwatch,North,4,1500,0.1,UPI,Wearables,5400.0,2025-02
10953,2025-01-19,1113,Headphones,East,1,25000,0.15,Net Banking,Accessories,21250.0,2025-01
10954,2025-09-19,1099,Monitor,West,4,500,0.15,Net Banking,Electronics,1700.0,2025-09
10955,2025-03-25,1180,Smartwatch,West,1,500,0.15,Net Banking,Wearables,425.0,2025-03
10956,2025-06-04,1047,Smartphone,North,5,500,0.05,UPI,Electronics,2375.0,2025-06
10957,2025-02-22,1127,Smartphone,West,2,1500,0.2,Debit Card,Electronics,2400.0,2025-02
10958,2025-04-17,1056,Mouse,West,5,10000,0.1,Credit Card,Accessories,45000.0,2025-04
10959,2025-12-23,1014,Monitor,West,3,500,0.2,UPI,Electronics,1200.0,2025-12
10960,2025-10-31,1028,Keyboard,West,3,10000,0.2,Debit Card,Accessories,24000.0,2025-10
10961,2025-05-15,1078,Smartwatch,East,3,1500,0.15,UPI,Wearables,3825.0,2025-05
10962,2025-03-10,1130,Monitor,West,5,25000,0.05,Credit Card,Electronics,118750.0,2025-03
10963,2025-01-11,1109,Keyboard,South,4,10000,0.0,UPI,Accessories,40000.0,2025-01
10964,2025-05-23,1154,Monitor,North,2,25000,0.05,Credit Card,Electronics,47500.0,2025-05
10965,2025-07-11,1014,Monitor,East,3,1500,0.2,UPI,Electronics,3600.0,2025-07
10966,2025-03-10,1187,Laptop,West,3,1500,0.05,Credit Card,Electronics,4275.0,2025-03
10967,2025-01-23,1056,Smartphone,East,3,5000,0.15,UPI,Electronics,12750.0,2025-01
10968,2025-06-30,1115,Smartwatch,West,2,1500,0.0,Credit Card,Wearables,3000.0,2025-06
10969,2025-10-20,1007,Monitor,South,3,1500,0.15,Net Banking,Electronics,3825.0,2025-10
10970,2025-01-09,1003,Smartwatch,North,2,1000,0.0,UPI,Wearables,2000.0,2025-01
10971,2025-09-28,1111,Mouse,West,3,500,0.2,UPI,Accessories,1200.0,2025-09
10972,2025-04-03,1151,Monitor,West,5,5000,0.0,Debit Card,Electronics,25000.0,2025-04
10973,2025-01-17,1107,Headphones,West,5,50000,0.0,Debit Card,Accessories,250000.0,2025-01
10974,2025-06-03,1018,Smartphone,West,2,5000,0.0,Credit Card,Electronics,10000.0,2025-06
10975,2025-11-24,1038,Headphones,North,5,5000,0.05,UPI,Accessories,23750.0,2025-11
10976,2025-05-29,1115,Smartwatch,North,2,50000,0.05,Credit Card,Wearables,95000.0,2025-05
10977,2025-09-24,1015,Smartwatch,South,5,1000,0.2,Net Banking,Wearables,4000.0,2025-09
10978,2025-11-24,1192,Smartphone,North,5,25000,0.0,Debit Card,Electronics,125000.0,2025-11
10979,2025-04-16,1119,Smartwatch,West,2,1500,0.1,Credit Card,Wearables,2700.0,2025-04
10980,2025-02-04,1028,Headphones,South,4,500,0.2,Credit Card,Accessories,1600.0,2025-02
10981,2025-04-29,1039,Monitor,South,5,10000,0.0,Debit Card,Electronics,50000.0,2025-04
10982,2025-01-14,1185,Monitor,South,3,50000,0.0,UPI,Electronics,150000.0,2025-01
10983,2025-01-14,1017,Laptop,West,4,25000,0.05,Credit Card,Electronics,95000.0,2025-01
10984,2025-09-23,1086,Mouse,East,2,50000,0.2,Debit Card,Accessories,80000.0,2025-09
10985,2025-05-20,1126,Smartwatch,West,4,1500,0.0,UPI,Wearables,6000.0,2025-05
10986,2025-10-21,1044,Headphones,North,1,1000,0.0,Net Banking,Accessories,1000.0,2025-10
10987,2025-12-30,1025,Smartwatch,North,1,50000,0.2,Debit Card,Wearables,40000.0,2025-12
10988,2025-04-29,1145,Smartwatch,West,5,1500,0.1,Credit Card,Wearables,6750.0,2025-04
10989,2025-08-26,1013,Keyboard,West,5,1500,0.2,Net Banking,Accessories,6000.0,2025-08
10990,2025-02-03,1025,Laptop,South,3,1000,0.2,UPI,Electronics,2400.0,2025-02
10991,2025-06-18,1068,Headphones,West,4,5000,0.1,UPI,Accessories,18000.0,2025-06
10992,2025-01-10,1138,Headphones,South,1,5000,0.2,Debit Card,Accessories,4000.0,2025-01
10993,2025-05-02,1067,Smartwatch,North,5,500,0.0,Debit Card,Wearables,2500.0,2025-05
10994,2025-05-25,1109,Laptop,South,4,500,0.2,Debit Card,Electronics,1600.0,2025-05
10995,2025-08-11,1146,Monitor,West,5,5000,0.1,UPI,Electronics,22500.0,2025-08
10996,2025-09-14,1111,Headphones,North,5,25000,0.15,Net Banking,Accessories,106250.0,2025-09
10997,2025-09-25,1111,Monitor,East,1,10000,0.2,UPI,Electronics,8000.0,2025-09
10998,2025-12-25,1034,Laptop,South,1,1500,0.05,Credit Card,Electronics,1425.0,2025-12
10999,2025-01-04,1111,Monitor,North,5,10000,0.0,UPI,Electronics,50000.0,2025-01
11000,2025-12-20,1008,Smartphone,South,2,1500,0.0,Credit Card,Electronics,3000.0,2025-12
